,Theta/Phi,Loss,Accuracy
0,0.0,0.0,99.75
1,0.0,0.02564102564102564,99.75
2,0.0,0.05128205128205128,99.75
3,0.0,0.07692307692307693,99.75
4,0.0,0.10256410256410256,99.625
5,0.0,0.1282051282051282,99.25
6,0.0,0.15384615384615385,99.125
7,0.0,0.1794871794871795,98.875
8,0.0,0.20512820512820512,98.5
9,0.0,0.23076923076923075,97.875
10,0.0,0.2564102564102564,97.125
11,0.0,0.28205128205128205,96.75
12,0.0,0.3076923076923077,95.75
13,0.0,0.3333333333333333,94.75
14,0.0,0.358974358974359,94.125
15,0.0,0.3846153846153846,93.875
16,0.0,0.41025641025641024,93.0
17,0.0,0.4358974358974359,92.25
18,0.0,0.4615384615384615,91.25
19,0.0,0.48717948717948717,90.875
20,0.0,0.5128205128205128,89.875
21,0.0,0.5384615384615384,88.875
22,0.0,0.5641025641025641,88.25
23,0.0,0.5897435897435898,86.875
24,0.0,0.6153846153846154,85.625
25,0.0,0.641025641025641,84.0
26,0.0,0.6666666666666666,82.5
27,0.0,0.6923076923076923,80.625
28,0.0,0.717948717948718,79.125
29,0.0,0.7435897435897436,77.75
30,0.0,0.7692307692307692,75.875
31,0.0,0.7948717948717948,74.75
32,0.0,0.8205128205128205,73.75
33,0.0,0.8461538461538461,72.5
34,0.0,0.8717948717948718,71.75
35,0.0,0.8974358974358974,70.875
36,0.0,0.923076923076923,69.0
37,0.0,0.9487179487179487,67.125
38,0.0,0.9743589743589743,64.875
39,0.0,1.0,62.875
40,0.02564102564102564,0.0,99.4125
41,0.02564102564102564,0.02564102564102564,99.5075
42,0.02564102564102564,0.05128205128205128,99.51
43,0.02564102564102564,0.07692307692307693,99.365
44,0.02564102564102564,0.10256410256410256,99.255
45,0.02564102564102564,0.1282051282051282,99.075
46,0.02564102564102564,0.15384615384615385,98.875
47,0.02564102564102564,0.1794871794871795,98.43
48,0.02564102564102564,0.20512820512820512,97.695
49,0.02564102564102564,0.23076923076923075,97.5075
50,0.02564102564102564,0.2564102564102564,96.9375
51,0.02564102564102564,0.28205128205128205,96.2275
52,0.02564102564102564,0.3076923076923077,95.5
53,0.02564102564102564,0.3333333333333333,94.9225
54,0.02564102564102564,0.358974358974359,94.14
55,0.02564102564102564,0.3846153846153846,93.3975
56,0.02564102564102564,0.41025641025641024,92.6175
57,0.02564102564102564,0.4358974358974359,91.7275
58,0.02564102564102564,0.4615384615384615,91.52
59,0.02564102564102564,0.48717948717948717,90.2475
60,0.02564102564102564,0.5128205128205128,89.4325
61,0.02564102564102564,0.5384615384615384,88.3525
62,0.02564102564102564,0.5641025641025641,87.13
63,0.02564102564102564,0.5897435897435898,86.035
64,0.02564102564102564,0.6153846153846154,84.445
65,0.02564102564102564,0.641025641025641,83.7275
66,0.02564102564102564,0.6666666666666666,82.0075
67,0.02564102564102564,0.6923076923076923,80.95
68,0.02564102564102564,0.717948717948718,79.27
69,0.02564102564102564,0.7435897435897436,77.83
70,0.02564102564102564,0.7692307692307692,76.1675
71,0.02564102564102564,0.7948717948717948,75.1275
72,0.02564102564102564,0.8205128205128205,73.9725
73,0.02564102564102564,0.8461538461538461,72.6125
74,0.02564102564102564,0.8717948717948718,71.7875
75,0.02564102564102564,0.8974358974358974,70.01
76,0.02564102564102564,0.923076923076923,68.81
77,0.02564102564102564,0.9487179487179487,67.3975
78,0.02564102564102564,0.9743589743589743,64.99
79,0.02564102564102564,1.0,62.595
80,0.05128205128205128,0.0,98.525
81,0.05128205128205128,0.02564102564102564,98.55
82,0.05128205128205128,0.05128205128205128,98.625
83,0.05128205128205128,0.07692307692307693,98.415
84,0.05128205128205128,0.10256410256410256,98.3425
85,0.05128205128205128,0.1282051282051282,98.2725
86,0.05128205128205128,0.15384615384615385,97.775
87,0.05128205128205128,0.1794871794871795,97.8125
88,0.05128205128205128,0.20512820512820512,97.535
89,0.05128205128205128,0.23076923076923075,96.42
90,0.05128205128205128,0.2564102564102564,96.115
91,0.05128205128205128,0.28205128205128205,95.3925
92,0.05128205128205128,0.3076923076923077,94.605
93,0.05128205128205128,0.3333333333333333,94.4325
94,0.05128205128205128,0.358974358974359,93.6675
95,0.05128205128205128,0.3846153846153846,92.57
96,0.05128205128205128,0.41025641025641024,91.7975
97,0.05128205128205128,0.4358974358974359,90.385
98,0.05128205128205128,0.4615384615384615,90.2125
99,0.05128205128205128,0.48717948717948717,89.935
100,0.05128205128205128,0.5128205128205128,88.71
101,0.05128205128205128,0.5384615384615384,87.535
102,0.05128205128205128,0.5641025641025641,86.425
103,0.05128205128205128,0.5897435897435898,85.1
104,0.05128205128205128,0.6153846153846154,83.2075
105,0.05128205128205128,0.641025641025641,81.945
106,0.05128205128205128,0.6666666666666666,81.6925
107,0.05128205128205128,0.6923076923076923,79.44
108,0.05128205128205128,0.717948717948718,79.2325
109,0.05128205128205128,0.7435897435897436,77.595
110,0.05128205128205128,0.7692307692307692,76.3525
111,0.05128205128205128,0.7948717948717948,75.7275
112,0.05128205128205128,0.8205128205128205,73.045
113,0.05128205128205128,0.8461538461538461,71.805
114,0.05128205128205128,0.8717948717948718,70.54
115,0.05128205128205128,0.8974358974358974,69.105
116,0.05128205128205128,0.923076923076923,67.7625
117,0.05128205128205128,0.9487179487179487,65.0475
118,0.05128205128205128,0.9743589743589743,64.465
119,0.05128205128205128,1.0,61.4275
120,0.07692307692307693,0.0,96.745
121,0.07692307692307693,0.02564102564102564,96.925
122,0.07692307692307693,0.05128205128205128,97.17
123,0.07692307692307693,0.07692307692307693,97.1225
124,0.07692307692307693,0.10256410256410256,96.3
125,0.07692307692307693,0.1282051282051282,96.7725
126,0.07692307692307693,0.15384615384615385,96.0225
127,0.07692307692307693,0.1794871794871795,95.3775
128,0.07692307692307693,0.20512820512820512,95.65
129,0.07692307692307693,0.23076923076923075,95.245
130,0.07692307692307693,0.2564102564102564,94.765
131,0.07692307692307693,0.28205128205128205,94.005
132,0.07692307692307693,0.3076923076923077,93.82
133,0.07692307692307693,0.3333333333333333,93.4275
134,0.07692307692307693,0.358974358974359,91.86
135,0.07692307692307693,0.3846153846153846,91.47
136,0.07692307692307693,0.41025641025641024,90.5
137,0.07692307692307693,0.4358974358974359,89.78
138,0.07692307692307693,0.4615384615384615,89.4525
139,0.07692307692307693,0.48717948717948717,88.025
140,0.07692307692307693,0.5128205128205128,86.415
141,0.07692307692307693,0.5384615384615384,85.4075
142,0.07692307692307693,0.5641025641025641,85.0
143,0.07692307692307693,0.5897435897435898,84.72
144,0.07692307692307693,0.6153846153846154,82.485
145,0.07692307692307693,0.641025641025641,81.335
146,0.07692307692307693,0.6666666666666666,81.2325
147,0.07692307692307693,0.6923076923076923,79.5375
148,0.07692307692307693,0.717948717948718,77.1225
149,0.07692307692307693,0.7435897435897436,75.0
150,0.07692307692307693,0.7692307692307692,75.19
151,0.07692307692307693,0.7948717948717948,73.98
152,0.07692307692307693,0.8205128205128205,73.5175
153,0.07692307692307693,0.8461538461538461,71.25
154,0.07692307692307693,0.8717948717948718,69.7875
155,0.07692307692307693,0.8974358974358974,68.785
156,0.07692307692307693,0.923076923076923,68.455
157,0.07692307692307693,0.9487179487179487,63.705
158,0.07692307692307693,0.9743589743589743,61.51
159,0.07692307692307693,1.0,59.91
160,0.10256410256410256,0.0,95.03
161,0.10256410256410256,0.02564102564102564,93.6625
162,0.10256410256410256,0.05128205128205128,94.5125
163,0.10256410256410256,0.07692307692307693,94.03
164,0.10256410256410256,0.10256410256410256,93.48
165,0.10256410256410256,0.1282051282051282,95.41
166,0.10256410256410256,0.15384615384615385,92.9225
167,0.10256410256410256,0.1794871794871795,93.2425
168,0.10256410256410256,0.20512820512820512,93.0775
169,0.10256410256410256,0.23076923076923075,92.88
170,0.10256410256410256,0.2564102564102564,91.215
171,0.10256410256410256,0.28205128205128205,91.3175
172,0.10256410256410256,0.3076923076923077,90.16
173,0.10256410256410256,0.3333333333333333,90.405
174,0.10256410256410256,0.358974358974359,89.2425
175,0.10256410256410256,0.3846153846153846,88.9075
176,0.10256410256410256,0.41025641025641024,88.3775
177,0.10256410256410256,0.4358974358974359,87.3825
178,0.10256410256410256,0.4615384615384615,86.7475
179,0.10256410256410256,0.48717948717948717,85.005
180,0.10256410256410256,0.5128205128205128,85.2075
181,0.10256410256410256,0.5384615384615384,81.8275
182,0.10256410256410256,0.5641025641025641,80.9525
183,0.10256410256410256,0.5897435897435898,82.5625
184,0.10256410256410256,0.6153846153846154,81.175
185,0.10256410256410256,0.641025641025641,82.09
186,0.10256410256410256,0.6666666666666666,78.945
187,0.10256410256410256,0.6923076923076923,75.9925
188,0.10256410256410256,0.717948717948718,74.12
189,0.10256410256410256,0.7435897435897436,75.4075
190,0.10256410256410256,0.7692307692307692,73.42
191,0.10256410256410256,0.7948717948717948,72.355
192,0.10256410256410256,0.8205128205128205,71.69
193,0.10256410256410256,0.8461538461538461,68.8625
194,0.10256410256410256,0.8717948717948718,67.66
195,0.10256410256410256,0.8974358974358974,63.6475
196,0.10256410256410256,0.923076923076923,62.7825
197,0.10256410256410256,0.9487179487179487,61.835
198,0.10256410256410256,0.9743589743589743,60.5625
199,0.10256410256410256,1.0,57.325
200,0.1282051282051282,0.0,91.1625
201,0.1282051282051282,0.02564102564102564,90.265
202,0.1282051282051282,0.05128205128205128,90.8425
203,0.1282051282051282,0.07692307692307693,90.92
204,0.1282051282051282,0.10256410256410256,89.23
205,0.1282051282051282,0.1282051282051282,90.445
206,0.1282051282051282,0.15384615384615385,89.945
207,0.1282051282051282,0.1794871794871795,90.1075
208,0.1282051282051282,0.20512820512820512,90.1275
209,0.1282051282051282,0.23076923076923075,87.995
210,0.1282051282051282,0.2564102564102564,87.3975
211,0.1282051282051282,0.28205128205128205,87.6475
212,0.1282051282051282,0.3076923076923077,84.8925
213,0.1282051282051282,0.3333333333333333,85.015
214,0.1282051282051282,0.358974358974359,87.0825
215,0.1282051282051282,0.3846153846153846,86.1725
216,0.1282051282051282,0.41025641025641024,84.55
217,0.1282051282051282,0.4358974358974359,84.9175
218,0.1282051282051282,0.4615384615384615,83.4375
219,0.1282051282051282,0.48717948717948717,81.52
220,0.1282051282051282,0.5128205128205128,80.9075
221,0.1282051282051282,0.5384615384615384,81.34
222,0.1282051282051282,0.5641025641025641,80.405
223,0.1282051282051282,0.5897435897435898,80.125
224,0.1282051282051282,0.6153846153846154,78.72
225,0.1282051282051282,0.641025641025641,74.335
226,0.1282051282051282,0.6666666666666666,74.1025
227,0.1282051282051282,0.6923076923076923,73.08
228,0.1282051282051282,0.717948717948718,71.7475
229,0.1282051282051282,0.7435897435897436,72.345
230,0.1282051282051282,0.7692307692307692,69.975
231,0.1282051282051282,0.7948717948717948,69.75
232,0.1282051282051282,0.8205128205128205,70.2625
233,0.1282051282051282,0.8461538461538461,65.47
234,0.1282051282051282,0.8717948717948718,65.735
235,0.1282051282051282,0.8974358974358974,63.9625
236,0.1282051282051282,0.923076923076923,62.685
237,0.1282051282051282,0.9487179487179487,59.315
238,0.1282051282051282,0.9743589743589743,60.845
239,0.1282051282051282,1.0,58.2075
240,0.15384615384615385,0.0,82.995
241,0.15384615384615385,0.02564102564102564,82.64
242,0.15384615384615385,0.05128205128205128,83.7025
243,0.15384615384615385,0.07692307692307693,86.16
244,0.15384615384615385,0.10256410256410256,86.72
245,0.15384615384615385,0.1282051282051282,85.625
246,0.15384615384615385,0.15384615384615385,84.115
247,0.15384615384615385,0.1794871794871795,84.5075
248,0.15384615384615385,0.20512820512820512,84.845
249,0.15384615384615385,0.23076923076923075,83.8275
250,0.15384615384615385,0.2564102564102564,82.9325
251,0.15384615384615385,0.28205128205128205,81.54
252,0.15384615384615385,0.3076923076923077,81.775
253,0.15384615384615385,0.3333333333333333,81.005
254,0.15384615384615385,0.358974358974359,81.335
255,0.15384615384615385,0.3846153846153846,75.34
256,0.15384615384615385,0.41025641025641024,79.185
257,0.15384615384615385,0.4358974358974359,78.875
258,0.15384615384615385,0.4615384615384615,79.295
259,0.15384615384615385,0.48717948717948717,77.13
260,0.15384615384615385,0.5128205128205128,76.54
261,0.15384615384615385,0.5384615384615384,78.165
262,0.15384615384615385,0.5641025641025641,75.705
263,0.15384615384615385,0.5897435897435898,75.315
264,0.15384615384615385,0.6153846153846154,71.4675
265,0.15384615384615385,0.641025641025641,72.03
266,0.15384615384615385,0.6666666666666666,70.9675
267,0.15384615384615385,0.6923076923076923,69.895
268,0.15384615384615385,0.717948717948718,68.1225
269,0.15384615384615385,0.7435897435897436,69.2125
270,0.15384615384615385,0.7692307692307692,63.46
271,0.15384615384615385,0.7948717948717948,65.4925
272,0.15384615384615385,0.8205128205128205,64.6925
273,0.15384615384615385,0.8461538461538461,62.3175
274,0.15384615384615385,0.8717948717948718,60.245
275,0.15384615384615385,0.8974358974358974,62.44
276,0.15384615384615385,0.923076923076923,57.02
277,0.15384615384615385,0.9487179487179487,59.06
278,0.15384615384615385,0.9743589743589743,55.115
279,0.15384615384615385,1.0,54.4
280,0.1794871794871795,0.0,78.845
281,0.1794871794871795,0.02564102564102564,78.74
282,0.1794871794871795,0.05128205128205128,77.775
283,0.1794871794871795,0.07692307692307693,78.545
284,0.1794871794871795,0.10256410256410256,78.8075
285,0.1794871794871795,0.1282051282051282,79.545
286,0.1794871794871795,0.15384615384615385,75.325
287,0.1794871794871795,0.1794871794871795,78.9925
288,0.1794871794871795,0.20512820512820512,75.575
289,0.1794871794871795,0.23076923076923075,75.5575
290,0.1794871794871795,0.2564102564102564,76.9375
291,0.1794871794871795,0.28205128205128205,74.965
292,0.1794871794871795,0.3076923076923077,73.75
293,0.1794871794871795,0.3333333333333333,72.09
294,0.1794871794871795,0.358974358974359,72.01
295,0.1794871794871795,0.3846153846153846,75.4025
296,0.1794871794871795,0.41025641025641024,73.4775
297,0.1794871794871795,0.4358974358974359,74.58
298,0.1794871794871795,0.4615384615384615,70.025
299,0.1794871794871795,0.48717948717948717,71.095
300,0.1794871794871795,0.5128205128205128,70.3925
301,0.1794871794871795,0.5384615384615384,68.085
302,0.1794871794871795,0.5641025641025641,71.0025
303,0.1794871794871795,0.5897435897435898,66.2225
304,0.1794871794871795,0.6153846153846154,68.685
305,0.1794871794871795,0.641025641025641,67.89
306,0.1794871794871795,0.6666666666666666,65.2125
307,0.1794871794871795,0.6923076923076923,64.525
308,0.1794871794871795,0.717948717948718,60.155
309,0.1794871794871795,0.7435897435897436,61.205
310,0.1794871794871795,0.7692307692307692,60.4925
311,0.1794871794871795,0.7948717948717948,65.49
312,0.1794871794871795,0.8205128205128205,60.455
313,0.1794871794871795,0.8461538461538461,61.495
314,0.1794871794871795,0.8717948717948718,54.3325
315,0.1794871794871795,0.8974358974358974,59.18
316,0.1794871794871795,0.923076923076923,53.3225
317,0.1794871794871795,0.9487179487179487,54.5575
318,0.1794871794871795,0.9743589743589743,51.7675
319,0.1794871794871795,1.0,52.15
320,0.20512820512820512,0.0,71.1575
321,0.20512820512820512,0.02564102564102564,69.7825
322,0.20512820512820512,0.05128205128205128,70.0625
323,0.20512820512820512,0.07692307692307693,71.065
324,0.20512820512820512,0.10256410256410256,72.8125
325,0.20512820512820512,0.1282051282051282,70.9125
326,0.20512820512820512,0.15384615384615385,67.37
327,0.20512820512820512,0.1794871794871795,67.64
328,0.20512820512820512,0.20512820512820512,70.35
329,0.20512820512820512,0.23076923076923075,69.5775
330,0.20512820512820512,0.2564102564102564,66.825
331,0.20512820512820512,0.28205128205128205,70.2575
332,0.20512820512820512,0.3076923076923077,71.7075
333,0.20512820512820512,0.3333333333333333,66.965
334,0.20512820512820512,0.358974358974359,67.4125
335,0.20512820512820512,0.3846153846153846,67.7225
336,0.20512820512820512,0.41025641025641024,65.725
337,0.20512820512820512,0.4358974358974359,66.9
338,0.20512820512820512,0.4615384615384615,67.7625
339,0.20512820512820512,0.48717948717948717,63.81
340,0.20512820512820512,0.5128205128205128,64.03
341,0.20512820512820512,0.5384615384615384,61.525
342,0.20512820512820512,0.5641025641025641,63.655
343,0.20512820512820512,0.5897435897435898,61.0125
344,0.20512820512820512,0.6153846153846154,61.8325
345,0.20512820512820512,0.641025641025641,63.635
346,0.20512820512820512,0.6666666666666666,62.605
347,0.20512820512820512,0.6923076923076923,60.0425
348,0.20512820512820512,0.717948717948718,56.335
349,0.20512820512820512,0.7435897435897436,58.3525
350,0.20512820512820512,0.7692307692307692,60.5675
351,0.20512820512820512,0.7948717948717948,57.9575
352,0.20512820512820512,0.8205128205128205,55.1575
353,0.20512820512820512,0.8461538461538461,52.425
354,0.20512820512820512,0.8717948717948718,53.1475
355,0.20512820512820512,0.8974358974358974,52.81
356,0.20512820512820512,0.923076923076923,48.955
357,0.20512820512820512,0.9487179487179487,49.66
358,0.20512820512820512,0.9743589743589743,45.84
359,0.20512820512820512,1.0,49.29
360,0.23076923076923075,0.0,62.9225
361,0.23076923076923075,0.02564102564102564,61.7875
362,0.23076923076923075,0.05128205128205128,64.8825
363,0.23076923076923075,0.07692307692307693,64.13
364,0.23076923076923075,0.10256410256410256,64.64
365,0.23076923076923075,0.1282051282051282,62.9675
366,0.23076923076923075,0.15384615384615385,62.4325
367,0.23076923076923075,0.1794871794871795,67.02
368,0.23076923076923075,0.20512820512820512,62.285
369,0.23076923076923075,0.23076923076923075,62.07
370,0.23076923076923075,0.2564102564102564,62.955
371,0.23076923076923075,0.28205128205128205,59.66
372,0.23076923076923075,0.3076923076923077,61.17
373,0.23076923076923075,0.3333333333333333,58.64
374,0.23076923076923075,0.358974358974359,59.235
375,0.23076923076923075,0.3846153846153846,61.43
376,0.23076923076923075,0.41025641025641024,57.4425
377,0.23076923076923075,0.4358974358974359,61.09
378,0.23076923076923075,0.4615384615384615,60.5925
379,0.23076923076923075,0.48717948717948717,56.33
380,0.23076923076923075,0.5128205128205128,59.7175
381,0.23076923076923075,0.5384615384615384,57.1925
382,0.23076923076923075,0.5641025641025641,58.6725
383,0.23076923076923075,0.5897435897435898,53.42
384,0.23076923076923075,0.6153846153846154,56.385
385,0.23076923076923075,0.641025641025641,50.7
386,0.23076923076923075,0.6666666666666666,57.9525
387,0.23076923076923075,0.6923076923076923,55.8625
388,0.23076923076923075,0.717948717948718,58.045
389,0.23076923076923075,0.7435897435897436,51.94
390,0.23076923076923075,0.7692307692307692,48.9775
391,0.23076923076923075,0.7948717948717948,57.68
392,0.23076923076923075,0.8205128205128205,53.455
393,0.23076923076923075,0.8461538461538461,50.6675
394,0.23076923076923075,0.8717948717948718,47.0625
395,0.23076923076923075,0.8974358974358974,46.705
396,0.23076923076923075,0.923076923076923,47.055
397,0.23076923076923075,0.9487179487179487,47.8
398,0.23076923076923075,0.9743589743589743,45.47
399,0.23076923076923075,1.0,45.0475
400,0.2564102564102564,0.0,57.895
401,0.2564102564102564,0.02564102564102564,56.2625
402,0.2564102564102564,0.05128205128205128,49.9575
403,0.2564102564102564,0.07692307692307693,53.3975
404,0.2564102564102564,0.10256410256410256,55.88
405,0.2564102564102564,0.1282051282051282,54.0475
406,0.2564102564102564,0.15384615384615385,56.76
407,0.2564102564102564,0.1794871794871795,54.6775
408,0.2564102564102564,0.20512820512820512,52.725
409,0.2564102564102564,0.23076923076923075,58.1475
410,0.2564102564102564,0.2564102564102564,53.2225
411,0.2564102564102564,0.28205128205128205,55.505
412,0.2564102564102564,0.3076923076923077,51.45
413,0.2564102564102564,0.3333333333333333,55.3825
414,0.2564102564102564,0.358974358974359,54.2075
415,0.2564102564102564,0.3846153846153846,50.1975
416,0.2564102564102564,0.41025641025641024,49.33
417,0.2564102564102564,0.4358974358974359,52.275
418,0.2564102564102564,0.4615384615384615,50.115
419,0.2564102564102564,0.48717948717948717,53.19
420,0.2564102564102564,0.5128205128205128,54.1825
421,0.2564102564102564,0.5384615384615384,49.49
422,0.2564102564102564,0.5641025641025641,50.335
423,0.2564102564102564,0.5897435897435898,51.205
424,0.2564102564102564,0.6153846153846154,50.0025
425,0.2564102564102564,0.641025641025641,50.3475
426,0.2564102564102564,0.6666666666666666,44.3975
427,0.2564102564102564,0.6923076923076923,50.255
428,0.2564102564102564,0.717948717948718,45.365
429,0.2564102564102564,0.7435897435897436,48.1625
430,0.2564102564102564,0.7692307692307692,47.82
431,0.2564102564102564,0.7948717948717948,45.385
432,0.2564102564102564,0.8205128205128205,40.2975
433,0.2564102564102564,0.8461538461538461,45.0375
434,0.2564102564102564,0.8717948717948718,42.7625
435,0.2564102564102564,0.8974358974358974,46.735
436,0.2564102564102564,0.923076923076923,38.5125
437,0.2564102564102564,0.9487179487179487,42.7875
438,0.2564102564102564,0.9743589743589743,40.2125
439,0.2564102564102564,1.0,35.895
440,0.28205128205128205,0.0,52.8975
441,0.28205128205128205,0.02564102564102564,52.38
442,0.28205128205128205,0.05128205128205128,44.94
443,0.28205128205128205,0.07692307692307693,47.2625
444,0.28205128205128205,0.10256410256410256,51.84
445,0.28205128205128205,0.1282051282051282,50.495
446,0.28205128205128205,0.15384615384615385,47.3225
447,0.28205128205128205,0.1794871794871795,49.87
448,0.28205128205128205,0.20512820512820512,52.4575
449,0.28205128205128205,0.23076923076923075,47.58
450,0.28205128205128205,0.2564102564102564,47.7375
451,0.28205128205128205,0.28205128205128205,48.135
452,0.28205128205128205,0.3076923076923077,47.435
453,0.28205128205128205,0.3333333333333333,44.6
454,0.28205128205128205,0.358974358974359,48.455
455,0.28205128205128205,0.3846153846153846,50.0725
456,0.28205128205128205,0.41025641025641024,44.6875
457,0.28205128205128205,0.4358974358974359,44.875
458,0.28205128205128205,0.4615384615384615,49.5475
459,0.28205128205128205,0.48717948717948717,46.72
460,0.28205128205128205,0.5128205128205128,46.3425
461,0.28205128205128205,0.5384615384615384,43.9775
462,0.28205128205128205,0.5641025641025641,44.3675
463,0.28205128205128205,0.5897435897435898,43.5325
464,0.28205128205128205,0.6153846153846154,46.885
465,0.28205128205128205,0.641025641025641,41.585
466,0.28205128205128205,0.6666666666666666,43.82
467,0.28205128205128205,0.6923076923076923,40.39
468,0.28205128205128205,0.717948717948718,45.8325
469,0.28205128205128205,0.7435897435897436,43.9175
470,0.28205128205128205,0.7692307692307692,42.355
471,0.28205128205128205,0.7948717948717948,44.86
472,0.28205128205128205,0.8205128205128205,37.5575
473,0.28205128205128205,0.8461538461538461,42.19
474,0.28205128205128205,0.8717948717948718,43.9075
475,0.28205128205128205,0.8974358974358974,41.31
476,0.28205128205128205,0.923076923076923,38.3625
477,0.28205128205128205,0.9487179487179487,37.99
478,0.28205128205128205,0.9743589743589743,34.8325
479,0.28205128205128205,1.0,37.5425
480,0.3076923076923077,0.0,41.1225
481,0.3076923076923077,0.02564102564102564,42.9275
482,0.3076923076923077,0.05128205128205128,37.445
483,0.3076923076923077,0.07692307692307693,43.8
484,0.3076923076923077,0.10256410256410256,44.32
485,0.3076923076923077,0.1282051282051282,41.345
486,0.3076923076923077,0.15384615384615385,45.63
487,0.3076923076923077,0.1794871794871795,44.76
488,0.3076923076923077,0.20512820512820512,45.2925
489,0.3076923076923077,0.23076923076923075,46.1525
490,0.3076923076923077,0.2564102564102564,42.2175
491,0.3076923076923077,0.28205128205128205,41.095
492,0.3076923076923077,0.3076923076923077,35.9275
493,0.3076923076923077,0.3333333333333333,43.0425
494,0.3076923076923077,0.358974358974359,40.0275
495,0.3076923076923077,0.3846153846153846,43.21
496,0.3076923076923077,0.41025641025641024,38.8525
497,0.3076923076923077,0.4358974358974359,46.23
498,0.3076923076923077,0.4615384615384615,41.7875
499,0.3076923076923077,0.48717948717948717,41.0925
500,0.3076923076923077,0.5128205128205128,39.6675
501,0.3076923076923077,0.5384615384615384,40.0625
502,0.3076923076923077,0.5641025641025641,41.795
503,0.3076923076923077,0.5897435897435898,37.5175
504,0.3076923076923077,0.6153846153846154,38.8425
505,0.3076923076923077,0.641025641025641,39.235
506,0.3076923076923077,0.6666666666666666,38.24
507,0.3076923076923077,0.6923076923076923,38.5825
508,0.3076923076923077,0.717948717948718,39.0925
509,0.3076923076923077,0.7435897435897436,35.3625
510,0.3076923076923077,0.7692307692307692,39.11
511,0.3076923076923077,0.7948717948717948,36.43
512,0.3076923076923077,0.8205128205128205,37.65
513,0.3076923076923077,0.8461538461538461,37.78
514,0.3076923076923077,0.8717948717948718,33.795
515,0.3076923076923077,0.8974358974358974,36.0675
516,0.3076923076923077,0.923076923076923,34.5425
517,0.3076923076923077,0.9487179487179487,32.4875
518,0.3076923076923077,0.9743589743589743,32.955
519,0.3076923076923077,1.0,35.985
520,0.3333333333333333,0.0,36.1925
521,0.3333333333333333,0.02564102564102564,40.2625
522,0.3333333333333333,0.05128205128205128,36.71
523,0.3333333333333333,0.07692307692307693,39.2325
524,0.3333333333333333,0.10256410256410256,43.185
525,0.3333333333333333,0.1282051282051282,39.345
526,0.3333333333333333,0.15384615384615385,36.5775
527,0.3333333333333333,0.1794871794871795,36.7875
528,0.3333333333333333,0.20512820512820512,39.1925
529,0.3333333333333333,0.23076923076923075,40.31
530,0.3333333333333333,0.2564102564102564,37.275
531,0.3333333333333333,0.28205128205128205,36.445
532,0.3333333333333333,0.3076923076923077,38.01
533,0.3333333333333333,0.3333333333333333,37.75
534,0.3333333333333333,0.358974358974359,36.35
535,0.3333333333333333,0.3846153846153846,38.1175
536,0.3333333333333333,0.41025641025641024,35.3825
537,0.3333333333333333,0.4358974358974359,36.445
538,0.3333333333333333,0.4615384615384615,36.59
539,0.3333333333333333,0.48717948717948717,38.9725
540,0.3333333333333333,0.5128205128205128,38.6925
541,0.3333333333333333,0.5384615384615384,41.985
542,0.3333333333333333,0.5641025641025641,34.3525
543,0.3333333333333333,0.5897435897435898,34.635
544,0.3333333333333333,0.6153846153846154,35.7525
545,0.3333333333333333,0.641025641025641,30.845
546,0.3333333333333333,0.6666666666666666,33.54
547,0.3333333333333333,0.6923076923076923,31.16
548,0.3333333333333333,0.717948717948718,34.5075
549,0.3333333333333333,0.7435897435897436,32.6525
550,0.3333333333333333,0.7692307692307692,34.7
551,0.3333333333333333,0.7948717948717948,31.53
552,0.3333333333333333,0.8205128205128205,34.22
553,0.3333333333333333,0.8461538461538461,31.165
554,0.3333333333333333,0.8717948717948718,37.4475
555,0.3333333333333333,0.8974358974358974,31.1325
556,0.3333333333333333,0.923076923076923,33.3875
557,0.3333333333333333,0.9487179487179487,31.1925
558,0.3333333333333333,0.9743589743589743,31.585
559,0.3333333333333333,1.0,32.885
560,0.358974358974359,0.0,33.0225
561,0.358974358974359,0.02564102564102564,36.6075
562,0.358974358974359,0.05128205128205128,35.2475
563,0.358974358974359,0.07692307692307693,36.495
564,0.358974358974359,0.10256410256410256,33.0175
565,0.358974358974359,0.1282051282051282,33.665
566,0.358974358974359,0.15384615384615385,32.105
567,0.358974358974359,0.1794871794871795,35.66
568,0.358974358974359,0.20512820512820512,33.79
569,0.358974358974359,0.23076923076923075,34.5725
570,0.358974358974359,0.2564102564102564,29.8
571,0.358974358974359,0.28205128205128205,34.895
572,0.358974358974359,0.3076923076923077,33.87
573,0.358974358974359,0.3333333333333333,34.635
574,0.358974358974359,0.358974358974359,32.385
575,0.358974358974359,0.3846153846153846,33.9675
576,0.358974358974359,0.41025641025641024,31.4425
577,0.358974358974359,0.4358974358974359,35.275
578,0.358974358974359,0.4615384615384615,35.6125
579,0.358974358974359,0.48717948717948717,32.7825
580,0.358974358974359,0.5128205128205128,30.53
581,0.358974358974359,0.5384615384615384,32.13
582,0.358974358974359,0.5641025641025641,31.62
583,0.358974358974359,0.5897435897435898,34.2325
584,0.358974358974359,0.6153846153846154,36.955
585,0.358974358974359,0.641025641025641,32.01
586,0.358974358974359,0.6666666666666666,34.7875
587,0.358974358974359,0.6923076923076923,30.8025
588,0.358974358974359,0.717948717948718,29.2425
589,0.358974358974359,0.7435897435897436,29.965
590,0.358974358974359,0.7692307692307692,34.2675
591,0.358974358974359,0.7948717948717948,29.5525
592,0.358974358974359,0.8205128205128205,29.6075
593,0.358974358974359,0.8461538461538461,30.78
594,0.358974358974359,0.8717948717948718,27.04
595,0.358974358974359,0.8974358974358974,27.47
596,0.358974358974359,0.923076923076923,28.475
597,0.358974358974359,0.9487179487179487,29.8425
598,0.358974358974359,0.9743589743589743,27.83
599,0.358974358974359,1.0,26.375
600,0.3846153846153846,0.0,29.9125
601,0.3846153846153846,0.02564102564102564,31.37
602,0.3846153846153846,0.05128205128205128,29.14
603,0.3846153846153846,0.07692307692307693,28.74
604,0.3846153846153846,0.10256410256410256,31.6625
605,0.3846153846153846,0.1282051282051282,29.53
606,0.3846153846153846,0.15384615384615385,32.67
607,0.3846153846153846,0.1794871794871795,31.71
608,0.3846153846153846,0.20512820512820512,31.855
609,0.3846153846153846,0.23076923076923075,30.5125
610,0.3846153846153846,0.2564102564102564,30.54
611,0.3846153846153846,0.28205128205128205,27.9275
612,0.3846153846153846,0.3076923076923077,31.7675
613,0.3846153846153846,0.3333333333333333,28.76
614,0.3846153846153846,0.358974358974359,28.18
615,0.3846153846153846,0.3846153846153846,31.025
616,0.3846153846153846,0.41025641025641024,31.575
617,0.3846153846153846,0.4358974358974359,28.4025
618,0.3846153846153846,0.4615384615384615,28.65
619,0.3846153846153846,0.48717948717948717,29.08
620,0.3846153846153846,0.5128205128205128,26.0675
621,0.3846153846153846,0.5384615384615384,30.3975
622,0.3846153846153846,0.5641025641025641,32.3
623,0.3846153846153846,0.5897435897435898,27.05
624,0.3846153846153846,0.6153846153846154,29.7025
625,0.3846153846153846,0.641025641025641,28.5825
626,0.3846153846153846,0.6666666666666666,27.55
627,0.3846153846153846,0.6923076923076923,26.6125
628,0.3846153846153846,0.717948717948718,29.0575
629,0.3846153846153846,0.7435897435897436,28.565
630,0.3846153846153846,0.7692307692307692,29.9425
631,0.3846153846153846,0.7948717948717948,27.625
632,0.3846153846153846,0.8205128205128205,25.8575
633,0.3846153846153846,0.8461538461538461,26.9375
634,0.3846153846153846,0.8717948717948718,27.415
635,0.3846153846153846,0.8974358974358974,25.9275
636,0.3846153846153846,0.923076923076923,25.2525
637,0.3846153846153846,0.9487179487179487,27.4475
638,0.3846153846153846,0.9743589743589743,27.17
639,0.3846153846153846,1.0,29.3275
640,0.41025641025641024,0.0,27.1625
641,0.41025641025641024,0.02564102564102564,30.21
642,0.41025641025641024,0.05128205128205128,28.305
643,0.41025641025641024,0.07692307692307693,28.7575
644,0.41025641025641024,0.10256410256410256,26.87
645,0.41025641025641024,0.1282051282051282,30.855
646,0.41025641025641024,0.15384615384615385,25.9375
647,0.41025641025641024,0.1794871794871795,30.7325
648,0.41025641025641024,0.20512820512820512,28.0725
649,0.41025641025641024,0.23076923076923075,27.3875
650,0.41025641025641024,0.2564102564102564,30.195
651,0.41025641025641024,0.28205128205128205,27.535
652,0.41025641025641024,0.3076923076923077,28.25
653,0.41025641025641024,0.3333333333333333,27.565
654,0.41025641025641024,0.358974358974359,26.255
655,0.41025641025641024,0.3846153846153846,31.9175
656,0.41025641025641024,0.41025641025641024,26.3125
657,0.41025641025641024,0.4358974358974359,26.04
658,0.41025641025641024,0.4615384615384615,27.27
659,0.41025641025641024,0.48717948717948717,27.845
660,0.41025641025641024,0.5128205128205128,26.3075
661,0.41025641025641024,0.5384615384615384,25.6175
662,0.41025641025641024,0.5641025641025641,26.515
663,0.41025641025641024,0.5897435897435898,26.0575
664,0.41025641025641024,0.6153846153846154,26.52
665,0.41025641025641024,0.641025641025641,26.8675
666,0.41025641025641024,0.6666666666666666,30.1
667,0.41025641025641024,0.6923076923076923,27.2825
668,0.41025641025641024,0.717948717948718,26.2225
669,0.41025641025641024,0.7435897435897436,24.6925
670,0.41025641025641024,0.7692307692307692,26.7475
671,0.41025641025641024,0.7948717948717948,27.23
672,0.41025641025641024,0.8205128205128205,25.24
673,0.41025641025641024,0.8461538461538461,25.475
674,0.41025641025641024,0.8717948717948718,24.485
675,0.41025641025641024,0.8974358974358974,24.6325
676,0.41025641025641024,0.923076923076923,22.37
677,0.41025641025641024,0.9487179487179487,22.4875
678,0.41025641025641024,0.9743589743589743,23.305
679,0.41025641025641024,1.0,20.7
680,0.4358974358974359,0.0,25.5275
681,0.4358974358974359,0.02564102564102564,24.6925
682,0.4358974358974359,0.05128205128205128,28.125
683,0.4358974358974359,0.07692307692307693,26.345
684,0.4358974358974359,0.10256410256410256,27.725
685,0.4358974358974359,0.1282051282051282,25.14
686,0.4358974358974359,0.15384615384615385,24.02
687,0.4358974358974359,0.1794871794871795,25.745
688,0.4358974358974359,0.20512820512820512,25.25
689,0.4358974358974359,0.23076923076923075,26.065
690,0.4358974358974359,0.2564102564102564,24.525
691,0.4358974358974359,0.28205128205128205,24.5575
692,0.4358974358974359,0.3076923076923077,25.6275
693,0.4358974358974359,0.3333333333333333,25.2675
694,0.4358974358974359,0.358974358974359,25.5125
695,0.4358974358974359,0.3846153846153846,27.035
696,0.4358974358974359,0.41025641025641024,23.0125
697,0.4358974358974359,0.4358974358974359,24.6925
698,0.4358974358974359,0.4615384615384615,23.835
699,0.4358974358974359,0.48717948717948717,25.04
700,0.4358974358974359,0.5128205128205128,21.04
701,0.4358974358974359,0.5384615384615384,25.6275
702,0.4358974358974359,0.5641025641025641,22.535
703,0.4358974358974359,0.5897435897435898,26.495
704,0.4358974358974359,0.6153846153846154,22.76
705,0.4358974358974359,0.641025641025641,24.6525
706,0.4358974358974359,0.6666666666666666,24.165
707,0.4358974358974359,0.6923076923076923,23.4575
708,0.4358974358974359,0.717948717948718,26.95
709,0.4358974358974359,0.7435897435897436,24.435
710,0.4358974358974359,0.7692307692307692,26.2425
711,0.4358974358974359,0.7948717948717948,22.5125
712,0.4358974358974359,0.8205128205128205,24.215
713,0.4358974358974359,0.8461538461538461,25.3425
714,0.4358974358974359,0.8717948717948718,25.3025
715,0.4358974358974359,0.8974358974358974,24.54
716,0.4358974358974359,0.923076923076923,23.1625
717,0.4358974358974359,0.9487179487179487,24.46
718,0.4358974358974359,0.9743589743589743,25.7225
719,0.4358974358974359,1.0,21.755
720,0.4615384615384615,0.0,24.7525
721,0.4615384615384615,0.02564102564102564,24.5575
722,0.4615384615384615,0.05128205128205128,22.6375
723,0.4615384615384615,0.07692307692307693,21.9425
724,0.4615384615384615,0.10256410256410256,21.6175
725,0.4615384615384615,0.1282051282051282,23.9875
726,0.4615384615384615,0.15384615384615385,25.1975
727,0.4615384615384615,0.1794871794871795,23.845
728,0.4615384615384615,0.20512820512820512,25.0375
729,0.4615384615384615,0.23076923076923075,20.725
730,0.4615384615384615,0.2564102564102564,23.9775
731,0.4615384615384615,0.28205128205128205,25.1475
732,0.4615384615384615,0.3076923076923077,24.495
733,0.4615384615384615,0.3333333333333333,26.4425
734,0.4615384615384615,0.358974358974359,21.9575
735,0.4615384615384615,0.3846153846153846,25.0675
736,0.4615384615384615,0.41025641025641024,23.945
737,0.4615384615384615,0.4358974358974359,25.8825
738,0.4615384615384615,0.4615384615384615,22.1775
739,0.4615384615384615,0.48717948717948717,24.275
740,0.4615384615384615,0.5128205128205128,23.1625
741,0.4615384615384615,0.5384615384615384,22.24
742,0.4615384615384615,0.5641025641025641,21.7225
743,0.4615384615384615,0.5897435897435898,23.7225
744,0.4615384615384615,0.6153846153846154,23.3875
745,0.4615384615384615,0.641025641025641,22.7325
746,0.4615384615384615,0.6666666666666666,24.5575
747,0.4615384615384615,0.6923076923076923,21.155
748,0.4615384615384615,0.717948717948718,21.4925
749,0.4615384615384615,0.7435897435897436,22.3325
750,0.4615384615384615,0.7692307692307692,21.8775
751,0.4615384615384615,0.7948717948717948,21.7775
752,0.4615384615384615,0.8205128205128205,19.995
753,0.4615384615384615,0.8461538461538461,20.6475
754,0.4615384615384615,0.8717948717948718,22.0375
755,0.4615384615384615,0.8974358974358974,22.025
756,0.4615384615384615,0.923076923076923,20.6425
757,0.4615384615384615,0.9487179487179487,21.19
758,0.4615384615384615,0.9743589743589743,20.8175
759,0.4615384615384615,1.0,18.9925
760,0.48717948717948717,0.0,23.47
761,0.48717948717948717,0.02564102564102564,23.0125
762,0.48717948717948717,0.05128205128205128,20.8125
763,0.48717948717948717,0.07692307692307693,23.2175
764,0.48717948717948717,0.10256410256410256,22.42
765,0.48717948717948717,0.1282051282051282,25.19
766,0.48717948717948717,0.15384615384615385,22.465
767,0.48717948717948717,0.1794871794871795,22.8525
768,0.48717948717948717,0.20512820512820512,21.825
769,0.48717948717948717,0.23076923076923075,21.5475
770,0.48717948717948717,0.2564102564102564,19.895
771,0.48717948717948717,0.28205128205128205,22.115
772,0.48717948717948717,0.3076923076923077,23.215
773,0.48717948717948717,0.3333333333333333,21.9
774,0.48717948717948717,0.358974358974359,21.3375
775,0.48717948717948717,0.3846153846153846,20.3925
776,0.48717948717948717,0.41025641025641024,20.9975
777,0.48717948717948717,0.4358974358974359,22.9725
778,0.48717948717948717,0.4615384615384615,21.5675
779,0.48717948717948717,0.48717948717948717,20.9825
780,0.48717948717948717,0.5128205128205128,23.2625
781,0.48717948717948717,0.5384615384615384,22.085
782,0.48717948717948717,0.5641025641025641,20.715
783,0.48717948717948717,0.5897435897435898,20.855
784,0.48717948717948717,0.6153846153846154,21.3725
785,0.48717948717948717,0.641025641025641,18.655
786,0.48717948717948717,0.6666666666666666,22.0625
787,0.48717948717948717,0.6923076923076923,20.26
788,0.48717948717948717,0.717948717948718,20.595
789,0.48717948717948717,0.7435897435897436,20.6025
790,0.48717948717948717,0.7692307692307692,18.9475
791,0.48717948717948717,0.7948717948717948,22.695
792,0.48717948717948717,0.8205128205128205,21.1825
793,0.48717948717948717,0.8461538461538461,19.4275
794,0.48717948717948717,0.8717948717948718,20.92
795,0.48717948717948717,0.8974358974358974,19.9325
796,0.48717948717948717,0.923076923076923,22.645
797,0.48717948717948717,0.9487179487179487,20.8025
798,0.48717948717948717,0.9743589743589743,18.8425
799,0.48717948717948717,1.0,18.97
800,0.5128205128205128,0.0,18.535
801,0.5128205128205128,0.02564102564102564,20.48
802,0.5128205128205128,0.05128205128205128,22.295
803,0.5128205128205128,0.07692307692307693,19.1625
804,0.5128205128205128,0.10256410256410256,20.145
805,0.5128205128205128,0.1282051282051282,22.38
806,0.5128205128205128,0.15384615384615385,20.2425
807,0.5128205128205128,0.1794871794871795,22.635
808,0.5128205128205128,0.20512820512820512,21.0825
809,0.5128205128205128,0.23076923076923075,22.3425
810,0.5128205128205128,0.2564102564102564,19.56
811,0.5128205128205128,0.28205128205128205,19.4125
812,0.5128205128205128,0.3076923076923077,17.6975
813,0.5128205128205128,0.3333333333333333,21.4375
814,0.5128205128205128,0.358974358974359,19.2475
815,0.5128205128205128,0.3846153846153846,18.9675
816,0.5128205128205128,0.41025641025641024,17.99
817,0.5128205128205128,0.4358974358974359,21.575
818,0.5128205128205128,0.4615384615384615,19.46
819,0.5128205128205128,0.48717948717948717,20.4625
820,0.5128205128205128,0.5128205128205128,20.2075
821,0.5128205128205128,0.5384615384615384,16.81
822,0.5128205128205128,0.5641025641025641,20.665
823,0.5128205128205128,0.5897435897435898,21.6675
824,0.5128205128205128,0.6153846153846154,20.34
825,0.5128205128205128,0.641025641025641,20.2
826,0.5128205128205128,0.6666666666666666,16.5775
827,0.5128205128205128,0.6923076923076923,19.315
828,0.5128205128205128,0.717948717948718,19.545
829,0.5128205128205128,0.7435897435897436,20.1125
830,0.5128205128205128,0.7692307692307692,19.975
831,0.5128205128205128,0.7948717948717948,18.815
832,0.5128205128205128,0.8205128205128205,18.5475
833,0.5128205128205128,0.8461538461538461,19.755
834,0.5128205128205128,0.8717948717948718,19.3325
835,0.5128205128205128,0.8974358974358974,20.6775
836,0.5128205128205128,0.923076923076923,15.8125
837,0.5128205128205128,0.9487179487179487,21.3925
838,0.5128205128205128,0.9743589743589743,17.56
839,0.5128205128205128,1.0,18.8625
840,0.5384615384615384,0.0,19.715
841,0.5384615384615384,0.02564102564102564,17.5
842,0.5384615384615384,0.05128205128205128,18.58
843,0.5384615384615384,0.07692307692307693,18.6875
844,0.5384615384615384,0.10256410256410256,17.6475
845,0.5384615384615384,0.1282051282051282,17.5875
846,0.5384615384615384,0.15384615384615385,18.0875
847,0.5384615384615384,0.1794871794871795,18.2075
848,0.5384615384615384,0.20512820512820512,20.06
849,0.5384615384615384,0.23076923076923075,20.51
850,0.5384615384615384,0.2564102564102564,17.5625
851,0.5384615384615384,0.28205128205128205,16.2125
852,0.5384615384615384,0.3076923076923077,20.1325
853,0.5384615384615384,0.3333333333333333,19.545
854,0.5384615384615384,0.358974358974359,20.44
855,0.5384615384615384,0.3846153846153846,18.2175
856,0.5384615384615384,0.41025641025641024,18.005
857,0.5384615384615384,0.4358974358974359,19.025
858,0.5384615384615384,0.4615384615384615,19.4025
859,0.5384615384615384,0.48717948717948717,17.675
860,0.5384615384615384,0.5128205128205128,19.25
861,0.5384615384615384,0.5384615384615384,17.055
862,0.5384615384615384,0.5641025641025641,17.13
863,0.5384615384615384,0.5897435897435898,19.095
864,0.5384615384615384,0.6153846153846154,17.9025
865,0.5384615384615384,0.641025641025641,18.81
866,0.5384615384615384,0.6666666666666666,18.575
867,0.5384615384615384,0.6923076923076923,16.3775
868,0.5384615384615384,0.717948717948718,18.735
869,0.5384615384615384,0.7435897435897436,17.655
870,0.5384615384615384,0.7692307692307692,17.33
871,0.5384615384615384,0.7948717948717948,17.6125
872,0.5384615384615384,0.8205128205128205,19.475
873,0.5384615384615384,0.8461538461538461,17.745
874,0.5384615384615384,0.8717948717948718,18.6825
875,0.5384615384615384,0.8974358974358974,17.7975
876,0.5384615384615384,0.923076923076923,16.4375
877,0.5384615384615384,0.9487179487179487,16.95
878,0.5384615384615384,0.9743589743589743,16.46
879,0.5384615384615384,1.0,18.675
880,0.5641025641025641,0.0,17.5325
881,0.5641025641025641,0.02564102564102564,17.515
882,0.5641025641025641,0.05128205128205128,18.5825
883,0.5641025641025641,0.07692307692307693,16.665
884,0.5641025641025641,0.10256410256410256,16.1775
885,0.5641025641025641,0.1282051282051282,16.09
886,0.5641025641025641,0.15384615384615385,18.245
887,0.5641025641025641,0.1794871794871795,18.1275
888,0.5641025641025641,0.20512820512820512,20.22
889,0.5641025641025641,0.23076923076923075,19.7725
890,0.5641025641025641,0.2564102564102564,17.9475
891,0.5641025641025641,0.28205128205128205,18.7475
892,0.5641025641025641,0.3076923076923077,19.53
893,0.5641025641025641,0.3333333333333333,17.935
894,0.5641025641025641,0.358974358974359,16.98
895,0.5641025641025641,0.3846153846153846,17.76
896,0.5641025641025641,0.41025641025641024,15.6025
897,0.5641025641025641,0.4358974358974359,18.8775
898,0.5641025641025641,0.4615384615384615,17.875
899,0.5641025641025641,0.48717948717948717,18.64
900,0.5641025641025641,0.5128205128205128,17.795
901,0.5641025641025641,0.5384615384615384,18.3675
902,0.5641025641025641,0.5641025641025641,19.295
903,0.5641025641025641,0.5897435897435898,18.5725
904,0.5641025641025641,0.6153846153846154,18.07
905,0.5641025641025641,0.641025641025641,15.8275
906,0.5641025641025641,0.6666666666666666,17.5775
907,0.5641025641025641,0.6923076923076923,16.72
908,0.5641025641025641,0.717948717948718,18.66
909,0.5641025641025641,0.7435897435897436,18.205
910,0.5641025641025641,0.7692307692307692,17.4075
911,0.5641025641025641,0.7948717948717948,17.8575
912,0.5641025641025641,0.8205128205128205,18.27
913,0.5641025641025641,0.8461538461538461,17.595
914,0.5641025641025641,0.8717948717948718,17.8725
915,0.5641025641025641,0.8974358974358974,18.225
916,0.5641025641025641,0.923076923076923,14.6875
917,0.5641025641025641,0.9487179487179487,17.4525
918,0.5641025641025641,0.9743589743589743,17.8925
919,0.5641025641025641,1.0,18.2
920,0.5897435897435898,0.0,20.545
921,0.5897435897435898,0.02564102564102564,15.6675
922,0.5897435897435898,0.05128205128205128,17.6575
923,0.5897435897435898,0.07692307692307693,16.12
924,0.5897435897435898,0.10256410256410256,17.57
925,0.5897435897435898,0.1282051282051282,16.3
926,0.5897435897435898,0.15384615384615385,18.4
927,0.5897435897435898,0.1794871794871795,14.875
928,0.5897435897435898,0.20512820512820512,17.3825
929,0.5897435897435898,0.23076923076923075,14.7325
930,0.5897435897435898,0.2564102564102564,18.8675
931,0.5897435897435898,0.28205128205128205,15.78
932,0.5897435897435898,0.3076923076923077,16.4425
933,0.5897435897435898,0.3333333333333333,18.9225
934,0.5897435897435898,0.358974358974359,15.6175
935,0.5897435897435898,0.3846153846153846,17.0825
936,0.5897435897435898,0.41025641025641024,18.2325
937,0.5897435897435898,0.4358974358974359,16.2375
938,0.5897435897435898,0.4615384615384615,16.92
939,0.5897435897435898,0.48717948717948717,17.0475
940,0.5897435897435898,0.5128205128205128,16.465
941,0.5897435897435898,0.5384615384615384,14.7525
942,0.5897435897435898,0.5641025641025641,16.54
943,0.5897435897435898,0.5897435897435898,16.8
944,0.5897435897435898,0.6153846153846154,15.745
945,0.5897435897435898,0.641025641025641,15.7575
946,0.5897435897435898,0.6666666666666666,15.6375
947,0.5897435897435898,0.6923076923076923,17.0025
948,0.5897435897435898,0.717948717948718,18.0275
949,0.5897435897435898,0.7435897435897436,15.335
950,0.5897435897435898,0.7692307692307692,15.0225
951,0.5897435897435898,0.7948717948717948,15.815
952,0.5897435897435898,0.8205128205128205,16.3125
953,0.5897435897435898,0.8461538461538461,18.055
954,0.5897435897435898,0.8717948717948718,15.6125
955,0.5897435897435898,0.8974358974358974,16.765
956,0.5897435897435898,0.923076923076923,17.7475
957,0.5897435897435898,0.9487179487179487,16.0225
958,0.5897435897435898,0.9743589743589743,15.7825
959,0.5897435897435898,1.0,14.655
960,0.6153846153846154,0.0,17.3575
961,0.6153846153846154,0.02564102564102564,18.975
962,0.6153846153846154,0.05128205128205128,17.9125
963,0.6153846153846154,0.07692307692307693,15.855
964,0.6153846153846154,0.10256410256410256,15.1175
965,0.6153846153846154,0.1282051282051282,15.9175
966,0.6153846153846154,0.15384615384615385,15.26
967,0.6153846153846154,0.1794871794871795,15.585
968,0.6153846153846154,0.20512820512820512,14.2125
969,0.6153846153846154,0.23076923076923075,16.0225
970,0.6153846153846154,0.2564102564102564,16.9225
971,0.6153846153846154,0.28205128205128205,13.5425
972,0.6153846153846154,0.3076923076923077,13.86
973,0.6153846153846154,0.3333333333333333,16.74
974,0.6153846153846154,0.358974358974359,15.25
975,0.6153846153846154,0.3846153846153846,16.38
976,0.6153846153846154,0.41025641025641024,15.4
977,0.6153846153846154,0.4358974358974359,16.5525
978,0.6153846153846154,0.4615384615384615,16.0975
979,0.6153846153846154,0.48717948717948717,15.5475
980,0.6153846153846154,0.5128205128205128,14.235
981,0.6153846153846154,0.5384615384615384,15.1175
982,0.6153846153846154,0.5641025641025641,16.5825
983,0.6153846153846154,0.5897435897435898,16.7375
984,0.6153846153846154,0.6153846153846154,15.595
985,0.6153846153846154,0.641025641025641,16.24
986,0.6153846153846154,0.6666666666666666,16.905
987,0.6153846153846154,0.6923076923076923,15.525
988,0.6153846153846154,0.717948717948718,16.13
989,0.6153846153846154,0.7435897435897436,15.745
990,0.6153846153846154,0.7692307692307692,17.52
991,0.6153846153846154,0.7948717948717948,15.1325
992,0.6153846153846154,0.8205128205128205,14.6275
993,0.6153846153846154,0.8461538461538461,15.55
994,0.6153846153846154,0.8717948717948718,16.9275
995,0.6153846153846154,0.8974358974358974,15.74
996,0.6153846153846154,0.923076923076923,15.7575
997,0.6153846153846154,0.9487179487179487,17.6475
998,0.6153846153846154,0.9743589743589743,18.0025
999,0.6153846153846154,1.0,13.4975
1000,0.641025641025641,0.0,16.83
1001,0.641025641025641,0.02564102564102564,13.8825
1002,0.641025641025641,0.05128205128205128,16.07
1003,0.641025641025641,0.07692307692307693,15.09
1004,0.641025641025641,0.10256410256410256,15.945
1005,0.641025641025641,0.1282051282051282,15.945
1006,0.641025641025641,0.15384615384615385,14.085
1007,0.641025641025641,0.1794871794871795,14.465
1008,0.641025641025641,0.20512820512820512,14.0975
1009,0.641025641025641,0.23076923076923075,16.615
1010,0.641025641025641,0.2564102564102564,15.3325
1011,0.641025641025641,0.28205128205128205,14.8675
1012,0.641025641025641,0.3076923076923077,15.6225
1013,0.641025641025641,0.3333333333333333,16.7175
1014,0.641025641025641,0.358974358974359,15.2775
1015,0.641025641025641,0.3846153846153846,15.1725
1016,0.641025641025641,0.41025641025641024,15.0275
1017,0.641025641025641,0.4358974358974359,15.5675
1018,0.641025641025641,0.4615384615384615,14.8275
1019,0.641025641025641,0.48717948717948717,13.3925
1020,0.641025641025641,0.5128205128205128,15.3
1021,0.641025641025641,0.5384615384615384,13.665
1022,0.641025641025641,0.5641025641025641,15.4025
1023,0.641025641025641,0.5897435897435898,15.435
1024,0.641025641025641,0.6153846153846154,15.155
1025,0.641025641025641,0.641025641025641,15.9725
1026,0.641025641025641,0.6666666666666666,15.6875
1027,0.641025641025641,0.6923076923076923,15.0025
1028,0.641025641025641,0.717948717948718,15.7375
1029,0.641025641025641,0.7435897435897436,17.1625
1030,0.641025641025641,0.7692307692307692,15.545
1031,0.641025641025641,0.7948717948717948,14.8225
1032,0.641025641025641,0.8205128205128205,14.445
1033,0.641025641025641,0.8461538461538461,16.0475
1034,0.641025641025641,0.8717948717948718,14.0825
1035,0.641025641025641,0.8974358974358974,13.99
1036,0.641025641025641,0.923076923076923,15.4675
1037,0.641025641025641,0.9487179487179487,12.0625
1038,0.641025641025641,0.9743589743589743,16.4425
1039,0.641025641025641,1.0,14.8475
1040,0.6666666666666666,0.0,14.68
1041,0.6666666666666666,0.02564102564102564,15.915
1042,0.6666666666666666,0.05128205128205128,15.2875
1043,0.6666666666666666,0.07692307692307693,13.5525
1044,0.6666666666666666,0.10256410256410256,13.545
1045,0.6666666666666666,0.1282051282051282,14.375
1046,0.6666666666666666,0.15384615384615385,14.2075
1047,0.6666666666666666,0.1794871794871795,13.1975
1048,0.6666666666666666,0.20512820512820512,14.505
1049,0.6666666666666666,0.23076923076923075,15.9725
1050,0.6666666666666666,0.2564102564102564,15.09
1051,0.6666666666666666,0.28205128205128205,15.055
1052,0.6666666666666666,0.3076923076923077,14.4825
1053,0.6666666666666666,0.3333333333333333,13.47
1054,0.6666666666666666,0.358974358974359,16.345
1055,0.6666666666666666,0.3846153846153846,15.395
1056,0.6666666666666666,0.41025641025641024,14.625
1057,0.6666666666666666,0.4358974358974359,16.2275
1058,0.6666666666666666,0.4615384615384615,16.0875
1059,0.6666666666666666,0.48717948717948717,14.3575
1060,0.6666666666666666,0.5128205128205128,14.7875
1061,0.6666666666666666,0.5384615384615384,14.88
1062,0.6666666666666666,0.5641025641025641,13.6075
1063,0.6666666666666666,0.5897435897435898,16.1275
1064,0.6666666666666666,0.6153846153846154,12.57
1065,0.6666666666666666,0.641025641025641,15.4
1066,0.6666666666666666,0.6666666666666666,14.245
1067,0.6666666666666666,0.6923076923076923,15.5275
1068,0.6666666666666666,0.717948717948718,14.39
1069,0.6666666666666666,0.7435897435897436,13.1175
1070,0.6666666666666666,0.7692307692307692,14.6125
1071,0.6666666666666666,0.7948717948717948,15.8825
1072,0.6666666666666666,0.8205128205128205,14.26
1073,0.6666666666666666,0.8461538461538461,14.24
1074,0.6666666666666666,0.8717948717948718,17.165
1075,0.6666666666666666,0.8974358974358974,13.9475
1076,0.6666666666666666,0.923076923076923,13.1575
1077,0.6666666666666666,0.9487179487179487,14.4975
1078,0.6666666666666666,0.9743589743589743,14.875
1079,0.6666666666666666,1.0,12.8175
1080,0.6923076923076923,0.0,16.9575
1081,0.6923076923076923,0.02564102564102564,13.3075
1082,0.6923076923076923,0.05128205128205128,13.8875
1083,0.6923076923076923,0.07692307692307693,14.7575
1084,0.6923076923076923,0.10256410256410256,15.0125
1085,0.6923076923076923,0.1282051282051282,14.4925
1086,0.6923076923076923,0.15384615384615385,14.18
1087,0.6923076923076923,0.1794871794871795,15.2975
1088,0.6923076923076923,0.20512820512820512,14.4725
1089,0.6923076923076923,0.23076923076923075,15.2
1090,0.6923076923076923,0.2564102564102564,14.635
1091,0.6923076923076923,0.28205128205128205,16.385
1092,0.6923076923076923,0.3076923076923077,13.155
1093,0.6923076923076923,0.3333333333333333,13.58
1094,0.6923076923076923,0.358974358974359,16.3475
1095,0.6923076923076923,0.3846153846153846,14.68
1096,0.6923076923076923,0.41025641025641024,14.3375
1097,0.6923076923076923,0.4358974358974359,14.21
1098,0.6923076923076923,0.4615384615384615,13.605
1099,0.6923076923076923,0.48717948717948717,14.4325
1100,0.6923076923076923,0.5128205128205128,13.94
1101,0.6923076923076923,0.5384615384615384,13.94
1102,0.6923076923076923,0.5641025641025641,13.87
1103,0.6923076923076923,0.5897435897435898,14.6775
1104,0.6923076923076923,0.6153846153846154,14.8775
1105,0.6923076923076923,0.641025641025641,14.6925
1106,0.6923076923076923,0.6666666666666666,13.78
1107,0.6923076923076923,0.6923076923076923,13.7125
1108,0.6923076923076923,0.717948717948718,14.5875
1109,0.6923076923076923,0.7435897435897436,13.565
1110,0.6923076923076923,0.7692307692307692,13.1725
1111,0.6923076923076923,0.7948717948717948,14.44
1112,0.6923076923076923,0.8205128205128205,13.59
1113,0.6923076923076923,0.8461538461538461,13.785
1114,0.6923076923076923,0.8717948717948718,12.69
1115,0.6923076923076923,0.8974358974358974,13.8275
1116,0.6923076923076923,0.923076923076923,14.365
1117,0.6923076923076923,0.9487179487179487,15.0425
1118,0.6923076923076923,0.9743589743589743,14.56
1119,0.6923076923076923,1.0,14.755
1120,0.717948717948718,0.0,12.3625
1121,0.717948717948718,0.02564102564102564,14.035
1122,0.717948717948718,0.05128205128205128,14.305
1123,0.717948717948718,0.07692307692307693,14.5675
1124,0.717948717948718,0.10256410256410256,14.4025
1125,0.717948717948718,0.1282051282051282,14.8425
1126,0.717948717948718,0.15384615384615385,14.76
1127,0.717948717948718,0.1794871794871795,12.435
1128,0.717948717948718,0.20512820512820512,13.6225
1129,0.717948717948718,0.23076923076923075,15.53
1130,0.717948717948718,0.2564102564102564,14.09
1131,0.717948717948718,0.28205128205128205,12.6475
1132,0.717948717948718,0.3076923076923077,14.9575
1133,0.717948717948718,0.3333333333333333,13.0125
1134,0.717948717948718,0.358974358974359,12.9675
1135,0.717948717948718,0.3846153846153846,14.1475
1136,0.717948717948718,0.41025641025641024,13.495
1137,0.717948717948718,0.4358974358974359,14.23
1138,0.717948717948718,0.4615384615384615,12.1525
1139,0.717948717948718,0.48717948717948717,15.1825
1140,0.717948717948718,0.5128205128205128,14.36
1141,0.717948717948718,0.5384615384615384,12.7075
1142,0.717948717948718,0.5641025641025641,14.1025
1143,0.717948717948718,0.5897435897435898,15.33
1144,0.717948717948718,0.6153846153846154,13.34
1145,0.717948717948718,0.641025641025641,12.4425
1146,0.717948717948718,0.6666666666666666,13.765
1147,0.717948717948718,0.6923076923076923,13.19
1148,0.717948717948718,0.717948717948718,15.1325
1149,0.717948717948718,0.7435897435897436,12.9675
1150,0.717948717948718,0.7692307692307692,12.29
1151,0.717948717948718,0.7948717948717948,13.1275
1152,0.717948717948718,0.8205128205128205,14.46
1153,0.717948717948718,0.8461538461538461,15.205
1154,0.717948717948718,0.8717948717948718,13.0925
1155,0.717948717948718,0.8974358974358974,13.1125
1156,0.717948717948718,0.923076923076923,13.6975
1157,0.717948717948718,0.9487179487179487,11.9325
1158,0.717948717948718,0.9743589743589743,16.065
1159,0.717948717948718,1.0,13.5725
1160,0.7435897435897436,0.0,12.6125
1161,0.7435897435897436,0.02564102564102564,13.5975
1162,0.7435897435897436,0.05128205128205128,13.055
1163,0.7435897435897436,0.07692307692307693,14.3675
1164,0.7435897435897436,0.10256410256410256,12.36
1165,0.7435897435897436,0.1282051282051282,12.02
1166,0.7435897435897436,0.15384615384615385,13.48
1167,0.7435897435897436,0.1794871794871795,11.8675
1168,0.7435897435897436,0.20512820512820512,11.8575
1169,0.7435897435897436,0.23076923076923075,12.005
1170,0.7435897435897436,0.2564102564102564,14.67
1171,0.7435897435897436,0.28205128205128205,13.7625
1172,0.7435897435897436,0.3076923076923077,12.1925
1173,0.7435897435897436,0.3333333333333333,14.1625
1174,0.7435897435897436,0.358974358974359,13.3275
1175,0.7435897435897436,0.3846153846153846,14.245
1176,0.7435897435897436,0.41025641025641024,12.7525
1177,0.7435897435897436,0.4358974358974359,11.865
1178,0.7435897435897436,0.4615384615384615,12.95
1179,0.7435897435897436,0.48717948717948717,13.7125
1180,0.7435897435897436,0.5128205128205128,14.17
1181,0.7435897435897436,0.5384615384615384,12.745
1182,0.7435897435897436,0.5641025641025641,14.12
1183,0.7435897435897436,0.5897435897435898,14.5975
1184,0.7435897435897436,0.6153846153846154,13.6175
1185,0.7435897435897436,0.641025641025641,12.65
1186,0.7435897435897436,0.6666666666666666,11.5375
1187,0.7435897435897436,0.6923076923076923,15.0525
1188,0.7435897435897436,0.717948717948718,14.035
1189,0.7435897435897436,0.7435897435897436,13.1675
1190,0.7435897435897436,0.7692307692307692,13.0375
1191,0.7435897435897436,0.7948717948717948,13.12
1192,0.7435897435897436,0.8205128205128205,11.5575
1193,0.7435897435897436,0.8461538461538461,13.225
1194,0.7435897435897436,0.8717948717948718,13.73
1195,0.7435897435897436,0.8974358974358974,13.97
1196,0.7435897435897436,0.923076923076923,11.3075
1197,0.7435897435897436,0.9487179487179487,12.6875
1198,0.7435897435897436,0.9743589743589743,11.7275
1199,0.7435897435897436,1.0,13.895
1200,0.7692307692307692,0.0,13.9
1201,0.7692307692307692,0.02564102564102564,15.61
1202,0.7692307692307692,0.05128205128205128,12.3
1203,0.7692307692307692,0.07692307692307693,14.04
1204,0.7692307692307692,0.10256410256410256,12.995
1205,0.7692307692307692,0.1282051282051282,12.085
1206,0.7692307692307692,0.15384615384615385,15.375
1207,0.7692307692307692,0.1794871794871795,12.5875
1208,0.7692307692307692,0.20512820512820512,12.3325
1209,0.7692307692307692,0.23076923076923075,13.7325
1210,0.7692307692307692,0.2564102564102564,13.3
1211,0.7692307692307692,0.28205128205128205,13.3825
1212,0.7692307692307692,0.3076923076923077,12.7375
1213,0.7692307692307692,0.3333333333333333,12.1425
1214,0.7692307692307692,0.358974358974359,13.43
1215,0.7692307692307692,0.3846153846153846,11.6925
1216,0.7692307692307692,0.41025641025641024,12.3475
1217,0.7692307692307692,0.4358974358974359,12.3275
1218,0.7692307692307692,0.4615384615384615,13.725
1219,0.7692307692307692,0.48717948717948717,13.845
1220,0.7692307692307692,0.5128205128205128,14.3375
1221,0.7692307692307692,0.5384615384615384,13.1225
1222,0.7692307692307692,0.5641025641025641,14.4075
1223,0.7692307692307692,0.5897435897435898,12.6675
1224,0.7692307692307692,0.6153846153846154,12.345
1225,0.7692307692307692,0.641025641025641,11.71
1226,0.7692307692307692,0.6666666666666666,11.6875
1227,0.7692307692307692,0.6923076923076923,14.1725
1228,0.7692307692307692,0.717948717948718,13.33
1229,0.7692307692307692,0.7435897435897436,12.7525
1230,0.7692307692307692,0.7692307692307692,12.0875
1231,0.7692307692307692,0.7948717948717948,13.1625
1232,0.7692307692307692,0.8205128205128205,13.6875
1233,0.7692307692307692,0.8461538461538461,12.7725
1234,0.7692307692307692,0.8717948717948718,12.655
1235,0.7692307692307692,0.8974358974358974,13.3575
1236,0.7692307692307692,0.923076923076923,14.2125
1237,0.7692307692307692,0.9487179487179487,13.385
1238,0.7692307692307692,0.9743589743589743,13.3525
1239,0.7692307692307692,1.0,11.31
1240,0.7948717948717948,0.0,13.245
1241,0.7948717948717948,0.02564102564102564,11.755
1242,0.7948717948717948,0.05128205128205128,13.0875
1243,0.7948717948717948,0.07692307692307693,12.6975
1244,0.7948717948717948,0.10256410256410256,14.02
1245,0.7948717948717948,0.1282051282051282,12.77
1246,0.7948717948717948,0.15384615384615385,12.0725
1247,0.7948717948717948,0.1794871794871795,12.6275
1248,0.7948717948717948,0.20512820512820512,11.425
1249,0.7948717948717948,0.23076923076923075,13.5225
1250,0.7948717948717948,0.2564102564102564,13.35
1251,0.7948717948717948,0.28205128205128205,12.9725
1252,0.7948717948717948,0.3076923076923077,13.6875
1253,0.7948717948717948,0.3333333333333333,14.295
1254,0.7948717948717948,0.358974358974359,13.1775
1255,0.7948717948717948,0.3846153846153846,11.73
1256,0.7948717948717948,0.41025641025641024,13.31
1257,0.7948717948717948,0.4358974358974359,12.7325
1258,0.7948717948717948,0.4615384615384615,13.5625
1259,0.7948717948717948,0.48717948717948717,12.5025
1260,0.7948717948717948,0.5128205128205128,14.9875
1261,0.7948717948717948,0.5384615384615384,13.6525
1262,0.7948717948717948,0.5641025641025641,13.4275
1263,0.7948717948717948,0.5897435897435898,12.2475
1264,0.7948717948717948,0.6153846153846154,13.2375
1265,0.7948717948717948,0.641025641025641,12.84
1266,0.7948717948717948,0.6666666666666666,13.3225
1267,0.7948717948717948,0.6923076923076923,13.08
1268,0.7948717948717948,0.717948717948718,13.0575
1269,0.7948717948717948,0.7435897435897436,13.4325
1270,0.7948717948717948,0.7692307692307692,13.3975
1271,0.7948717948717948,0.7948717948717948,11.845
1272,0.7948717948717948,0.8205128205128205,13.235
1273,0.7948717948717948,0.8461538461538461,12.4575
1274,0.7948717948717948,0.8717948717948718,11.8975
1275,0.7948717948717948,0.8974358974358974,11.6125
1276,0.7948717948717948,0.923076923076923,12.08
1277,0.7948717948717948,0.9487179487179487,13.05
1278,0.7948717948717948,0.9743589743589743,11.13
1279,0.7948717948717948,1.0,12.0775
1280,0.8205128205128205,0.0,13.2875
1281,0.8205128205128205,0.02564102564102564,12.78
1282,0.8205128205128205,0.05128205128205128,12.795
1283,0.8205128205128205,0.07692307692307693,13.6175
1284,0.8205128205128205,0.10256410256410256,14.1925
1285,0.8205128205128205,0.1282051282051282,12.315
1286,0.8205128205128205,0.15384615384615385,13.38
1287,0.8205128205128205,0.1794871794871795,11.1075
1288,0.8205128205128205,0.20512820512820512,12.495
1289,0.8205128205128205,0.23076923076923075,12.43
1290,0.8205128205128205,0.2564102564102564,12.175
1291,0.8205128205128205,0.28205128205128205,11.755
1292,0.8205128205128205,0.3076923076923077,12.785
1293,0.8205128205128205,0.3333333333333333,13.27
1294,0.8205128205128205,0.358974358974359,12.0975
1295,0.8205128205128205,0.3846153846153846,14.215
1296,0.8205128205128205,0.41025641025641024,14.26
1297,0.8205128205128205,0.4358974358974359,13.77
1298,0.8205128205128205,0.4615384615384615,13.89
1299,0.8205128205128205,0.48717948717948717,12.565
1300,0.8205128205128205,0.5128205128205128,11.7875
1301,0.8205128205128205,0.5384615384615384,12.2075
1302,0.8205128205128205,0.5641025641025641,14.345
1303,0.8205128205128205,0.5897435897435898,11.9775
1304,0.8205128205128205,0.6153846153846154,13.125
1305,0.8205128205128205,0.641025641025641,12.9825
1306,0.8205128205128205,0.6666666666666666,11.1
1307,0.8205128205128205,0.6923076923076923,13.205
1308,0.8205128205128205,0.717948717948718,15.31
1309,0.8205128205128205,0.7435897435897436,13.8625
1310,0.8205128205128205,0.7692307692307692,12.02
1311,0.8205128205128205,0.7948717948717948,12.855
1312,0.8205128205128205,0.8205128205128205,10.76
1313,0.8205128205128205,0.8461538461538461,11.305
1314,0.8205128205128205,0.8717948717948718,11.0875
1315,0.8205128205128205,0.8974358974358974,14.87
1316,0.8205128205128205,0.923076923076923,12.535
1317,0.8205128205128205,0.9487179487179487,13.3875
1318,0.8205128205128205,0.9743589743589743,12.235
1319,0.8205128205128205,1.0,12.8825
1320,0.8461538461538461,0.0,12.9725
1321,0.8461538461538461,0.02564102564102564,11.9025
1322,0.8461538461538461,0.05128205128205128,12.0425
1323,0.8461538461538461,0.07692307692307693,11.73
1324,0.8461538461538461,0.10256410256410256,12.0625
1325,0.8461538461538461,0.1282051282051282,14.805
1326,0.8461538461538461,0.15384615384615385,10.815
1327,0.8461538461538461,0.1794871794871795,10.6375
1328,0.8461538461538461,0.20512820512820512,11.9625
1329,0.8461538461538461,0.23076923076923075,12.4725
1330,0.8461538461538461,0.2564102564102564,12.905
1331,0.8461538461538461,0.28205128205128205,13.425
1332,0.8461538461538461,0.3076923076923077,11.9125
1333,0.8461538461538461,0.3333333333333333,12.8025
1334,0.8461538461538461,0.358974358974359,13.4325
1335,0.8461538461538461,0.3846153846153846,12.035
1336,0.8461538461538461,0.41025641025641024,13.93
1337,0.8461538461538461,0.4358974358974359,12.545
1338,0.8461538461538461,0.4615384615384615,12.335
1339,0.8461538461538461,0.48717948717948717,12.94
1340,0.8461538461538461,0.5128205128205128,11.075
1341,0.8461538461538461,0.5384615384615384,12.735
1342,0.8461538461538461,0.5641025641025641,11.235
1343,0.8461538461538461,0.5897435897435898,12.76
1344,0.8461538461538461,0.6153846153846154,12.8675
1345,0.8461538461538461,0.641025641025641,12.485
1346,0.8461538461538461,0.6666666666666666,12.6175
1347,0.8461538461538461,0.6923076923076923,11.4875
1348,0.8461538461538461,0.717948717948718,12.585
1349,0.8461538461538461,0.7435897435897436,12.0325
1350,0.8461538461538461,0.7692307692307692,12.8975
1351,0.8461538461538461,0.7948717948717948,12.1075
1352,0.8461538461538461,0.8205128205128205,12.5225
1353,0.8461538461538461,0.8461538461538461,12.8075
1354,0.8461538461538461,0.8717948717948718,11.93
1355,0.8461538461538461,0.8974358974358974,10.9925
1356,0.8461538461538461,0.923076923076923,12.495
1357,0.8461538461538461,0.9487179487179487,11.255
1358,0.8461538461538461,0.9743589743589743,10.5925
1359,0.8461538461538461,1.0,13.0625
1360,0.8717948717948718,0.0,12.09
1361,0.8717948717948718,0.02564102564102564,11.2475
1362,0.8717948717948718,0.05128205128205128,13.7225
1363,0.8717948717948718,0.07692307692307693,12.1275
1364,0.8717948717948718,0.10256410256410256,13.2025
1365,0.8717948717948718,0.1282051282051282,11.3525
1366,0.8717948717948718,0.15384615384615385,11.4725
1367,0.8717948717948718,0.1794871794871795,14.625
1368,0.8717948717948718,0.20512820512820512,13.235
1369,0.8717948717948718,0.23076923076923075,13.0875
1370,0.8717948717948718,0.2564102564102564,12.7175
1371,0.8717948717948718,0.28205128205128205,12.0925
1372,0.8717948717948718,0.3076923076923077,13.2325
1373,0.8717948717948718,0.3333333333333333,11.675
1374,0.8717948717948718,0.358974358974359,11.3875
1375,0.8717948717948718,0.3846153846153846,11.2775
1376,0.8717948717948718,0.41025641025641024,12.3925
1377,0.8717948717948718,0.4358974358974359,13.1525
1378,0.8717948717948718,0.4615384615384615,12.235
1379,0.8717948717948718,0.48717948717948717,11.5675
1380,0.8717948717948718,0.5128205128205128,11.365
1381,0.8717948717948718,0.5384615384615384,12.1475
1382,0.8717948717948718,0.5641025641025641,12.23
1383,0.8717948717948718,0.5897435897435898,11.025
1384,0.8717948717948718,0.6153846153846154,10.6075
1385,0.8717948717948718,0.641025641025641,11.875
1386,0.8717948717948718,0.6666666666666666,11.6775
1387,0.8717948717948718,0.6923076923076923,12.435
1388,0.8717948717948718,0.717948717948718,11.7425
1389,0.8717948717948718,0.7435897435897436,12.4925
1390,0.8717948717948718,0.7692307692307692,14.51
1391,0.8717948717948718,0.7948717948717948,11.0825
1392,0.8717948717948718,0.8205128205128205,13.635
1393,0.8717948717948718,0.8461538461538461,10.7225
1394,0.8717948717948718,0.8717948717948718,12.2925
1395,0.8717948717948718,0.8974358974358974,11.51
1396,0.8717948717948718,0.923076923076923,11.5975
1397,0.8717948717948718,0.9487179487179487,11.7475
1398,0.8717948717948718,0.9743589743589743,10.7025
1399,0.8717948717948718,1.0,11.62
1400,0.8974358974358974,0.0,13.865
1401,0.8974358974358974,0.02564102564102564,10.205
1402,0.8974358974358974,0.05128205128205128,10.0875
1403,0.8974358974358974,0.07692307692307693,10.32
1404,0.8974358974358974,0.10256410256410256,10.405
1405,0.8974358974358974,0.1282051282051282,10.85
1406,0.8974358974358974,0.15384615384615385,12.42
1407,0.8974358974358974,0.1794871794871795,11.635
1408,0.8974358974358974,0.20512820512820512,12.43
1409,0.8974358974358974,0.23076923076923075,11.41
1410,0.8974358974358974,0.2564102564102564,9.7825
1411,0.8974358974358974,0.28205128205128205,11.755
1412,0.8974358974358974,0.3076923076923077,13.865
1413,0.8974358974358974,0.3333333333333333,11.2625
1414,0.8974358974358974,0.358974358974359,11.12
1415,0.8974358974358974,0.3846153846153846,12.73
1416,0.8974358974358974,0.41025641025641024,12.26
1417,0.8974358974358974,0.4358974358974359,13.41
1418,0.8974358974358974,0.4615384615384615,11.3075
1419,0.8974358974358974,0.48717948717948717,11.25
1420,0.8974358974358974,0.5128205128205128,12.03
1421,0.8974358974358974,0.5384615384615384,12.795
1422,0.8974358974358974,0.5641025641025641,10.7675
1423,0.8974358974358974,0.5897435897435898,11.9525
1424,0.8974358974358974,0.6153846153846154,12.1775
1425,0.8974358974358974,0.641025641025641,12.9175
1426,0.8974358974358974,0.6666666666666666,11.9825
1427,0.8974358974358974,0.6923076923076923,11.2775
1428,0.8974358974358974,0.717948717948718,11.505
1429,0.8974358974358974,0.7435897435897436,11.0525
1430,0.8974358974358974,0.7692307692307692,11.745
1431,0.8974358974358974,0.7948717948717948,12.72
1432,0.8974358974358974,0.8205128205128205,10.86
1433,0.8974358974358974,0.8461538461538461,12.1575
1434,0.8974358974358974,0.8717948717948718,13.395
1435,0.8974358974358974,0.8974358974358974,11.1925
1436,0.8974358974358974,0.923076923076923,11.2275
1437,0.8974358974358974,0.9487179487179487,12.0525
1438,0.8974358974358974,0.9743589743589743,11.3275
1439,0.8974358974358974,1.0,11.4175
1440,0.923076923076923,0.0,12.9975
1441,0.923076923076923,0.02564102564102564,12.395
1442,0.923076923076923,0.05128205128205128,12.515
1443,0.923076923076923,0.07692307692307693,11.6175
1444,0.923076923076923,0.10256410256410256,12.65
1445,0.923076923076923,0.1282051282051282,12.44
1446,0.923076923076923,0.15384615384615385,11.875
1447,0.923076923076923,0.1794871794871795,13.15
1448,0.923076923076923,0.20512820512820512,10.705
1449,0.923076923076923,0.23076923076923075,12.0375
1450,0.923076923076923,0.2564102564102564,11.2525
1451,0.923076923076923,0.28205128205128205,12.59
1452,0.923076923076923,0.3076923076923077,12.34
1453,0.923076923076923,0.3333333333333333,13.89
1454,0.923076923076923,0.358974358974359,11.92
1455,0.923076923076923,0.3846153846153846,12.535
1456,0.923076923076923,0.41025641025641024,13.0
1457,0.923076923076923,0.4358974358974359,10.48
1458,0.923076923076923,0.4615384615384615,12.6075
1459,0.923076923076923,0.48717948717948717,11.7575
1460,0.923076923076923,0.5128205128205128,12.69
1461,0.923076923076923,0.5384615384615384,12.595
1462,0.923076923076923,0.5641025641025641,11.6725
1463,0.923076923076923,0.5897435897435898,12.9275
1464,0.923076923076923,0.6153846153846154,11.8275
1465,0.923076923076923,0.641025641025641,11.15
1466,0.923076923076923,0.6666666666666666,11.7475
1467,0.923076923076923,0.6923076923076923,12.735
1468,0.923076923076923,0.717948717948718,12.8075
1469,0.923076923076923,0.7435897435897436,11.3875
1470,0.923076923076923,0.7692307692307692,10.285
1471,0.923076923076923,0.7948717948717948,12.9525
1472,0.923076923076923,0.8205128205128205,11.3175
1473,0.923076923076923,0.8461538461538461,12.1225
1474,0.923076923076923,0.8717948717948718,10.275
1475,0.923076923076923,0.8974358974358974,12.37
1476,0.923076923076923,0.923076923076923,11.4725
1477,0.923076923076923,0.9487179487179487,11.505
1478,0.923076923076923,0.9743589743589743,10.765
1479,0.923076923076923,1.0,13.21
1480,0.9487179487179487,0.0,12.67
1481,0.9487179487179487,0.02564102564102564,11.51
1482,0.9487179487179487,0.05128205128205128,12.75
1483,0.9487179487179487,0.07692307692307693,11.9775
1484,0.9487179487179487,0.10256410256410256,10.8925
1485,0.9487179487179487,0.1282051282051282,10.935
1486,0.9487179487179487,0.15384615384615385,12.6825
1487,0.9487179487179487,0.1794871794871795,11.265
1488,0.9487179487179487,0.20512820512820512,11.4375
1489,0.9487179487179487,0.23076923076923075,11.9575
1490,0.9487179487179487,0.2564102564102564,12.075
1491,0.9487179487179487,0.28205128205128205,12.425
1492,0.9487179487179487,0.3076923076923077,11.3
1493,0.9487179487179487,0.3333333333333333,12.7425
1494,0.9487179487179487,0.358974358974359,11.7075
1495,0.9487179487179487,0.3846153846153846,10.7025
1496,0.9487179487179487,0.41025641025641024,12.9425
1497,0.9487179487179487,0.4358974358974359,12.875
1498,0.9487179487179487,0.4615384615384615,11.4
1499,0.9487179487179487,0.48717948717948717,10.3625
1500,0.9487179487179487,0.5128205128205128,11.195
1501,0.9487179487179487,0.5384615384615384,12.705
1502,0.9487179487179487,0.5641025641025641,11.4275
1503,0.9487179487179487,0.5897435897435898,9.485
1504,0.9487179487179487,0.6153846153846154,11.745
1505,0.9487179487179487,0.641025641025641,9.5525
1506,0.9487179487179487,0.6666666666666666,12.18
1507,0.9487179487179487,0.6923076923076923,12.5475
1508,0.9487179487179487,0.717948717948718,11.8025
1509,0.9487179487179487,0.7435897435897436,11.375
1510,0.9487179487179487,0.7692307692307692,12.595
1511,0.9487179487179487,0.7948717948717948,11.2475
1512,0.9487179487179487,0.8205128205128205,13.2225
1513,0.9487179487179487,0.8461538461538461,12.975
1514,0.9487179487179487,0.8717948717948718,12.695
1515,0.9487179487179487,0.8974358974358974,12.4925
1516,0.9487179487179487,0.923076923076923,11.6675
1517,0.9487179487179487,0.9487179487179487,11.7075
1518,0.9487179487179487,0.9743589743589743,11.53
1519,0.9487179487179487,1.0,12.015
1520,0.9743589743589743,0.0,11.6975
1521,0.9743589743589743,0.02564102564102564,11.495
1522,0.9743589743589743,0.05128205128205128,11.6275
1523,0.9743589743589743,0.07692307692307693,11.2925
1524,0.9743589743589743,0.10256410256410256,10.7925
1525,0.9743589743589743,0.1282051282051282,12.215
1526,0.9743589743589743,0.15384615384615385,12.0125
1527,0.9743589743589743,0.1794871794871795,11.135
1528,0.9743589743589743,0.20512820512820512,10.9225
1529,0.9743589743589743,0.23076923076923075,10.875
1530,0.9743589743589743,0.2564102564102564,12.83
1531,0.9743589743589743,0.28205128205128205,11.0175
1532,0.9743589743589743,0.3076923076923077,11.8575
1533,0.9743589743589743,0.3333333333333333,9.5975
1534,0.9743589743589743,0.358974358974359,11.785
1535,0.9743589743589743,0.3846153846153846,11.8925
1536,0.9743589743589743,0.41025641025641024,12.0225
1537,0.9743589743589743,0.4358974358974359,12.655
1538,0.9743589743589743,0.4615384615384615,10.8775
1539,0.9743589743589743,0.48717948717948717,11.1875
1540,0.9743589743589743,0.5128205128205128,11.6875
1541,0.9743589743589743,0.5384615384615384,11.6625
1542,0.9743589743589743,0.5641025641025641,10.7425
1543,0.9743589743589743,0.5897435897435898,11.665
1544,0.9743589743589743,0.6153846153846154,12.6325
1545,0.9743589743589743,0.641025641025641,10.91
1546,0.9743589743589743,0.6666666666666666,11.21
1547,0.9743589743589743,0.6923076923076923,12.285
1548,0.9743589743589743,0.717948717948718,10.6575
1549,0.9743589743589743,0.7435897435897436,11.645
1550,0.9743589743589743,0.7692307692307692,10.7475
1551,0.9743589743589743,0.7948717948717948,11.645
1552,0.9743589743589743,0.8205128205128205,10.945
1553,0.9743589743589743,0.8461538461538461,12.1275
1554,0.9743589743589743,0.8717948717948718,10.3125
1555,0.9743589743589743,0.8974358974358974,11.2875
1556,0.9743589743589743,0.923076923076923,10.5275
1557,0.9743589743589743,0.9487179487179487,11.245
1558,0.9743589743589743,0.9743589743589743,10.625
1559,0.9743589743589743,1.0,10.4925
1560,1.0,0.0,10.8375
1561,1.0,0.02564102564102564,12.905
1562,1.0,0.05128205128205128,11.7
1563,1.0,0.07692307692307693,12.4825
1564,1.0,0.10256410256410256,12.31
1565,1.0,0.1282051282051282,11.4325
1566,1.0,0.15384615384615385,11.49
1567,1.0,0.1794871794871795,11.0925
1568,1.0,0.20512820512820512,11.6025
1569,1.0,0.23076923076923075,13.4275
1570,1.0,0.2564102564102564,10.69
1571,1.0,0.28205128205128205,11.455
1572,1.0,0.3076923076923077,11.85
1573,1.0,0.3333333333333333,10.425
1574,1.0,0.358974358974359,11.59
1575,1.0,0.3846153846153846,12.1675
1576,1.0,0.41025641025641024,9.5025
1577,1.0,0.4358974358974359,11.1875
1578,1.0,0.4615384615384615,11.0075
1579,1.0,0.48717948717948717,11.8625
1580,1.0,0.5128205128205128,9.9425
1581,1.0,0.5384615384615384,12.855
1582,1.0,0.5641025641025641,12.645
1583,1.0,0.5897435897435898,11.785
1584,1.0,0.6153846153846154,10.8225
1585,1.0,0.641025641025641,11.035
1586,1.0,0.6666666666666666,12.6725
1587,1.0,0.6923076923076923,10.0375
1588,1.0,0.717948717948718,12.6125
1589,1.0,0.7435897435897436,11.875
1590,1.0,0.7692307692307692,11.7
1591,1.0,0.7948717948717948,12.13
1592,1.0,0.8205128205128205,11.8
1593,1.0,0.8461538461538461,12.33
1594,1.0,0.8717948717948718,12.0375
1595,1.0,0.8974358974358974,11.2275
1596,1.0,0.923076923076923,12.435
1597,1.0,0.9487179487179487,11.7725
1598,1.0,0.9743589743589743,9.43
1599,1.0,1.0,11.3775
