,Theta,Phi,Accuracy
0,0.0,0.0,99.75
1,0.0,0.02564102564102564,99.37
2,0.0,0.05128205128205128,98.62
3,0.0,0.07692307692307693,97.19
4,0.0,0.10256410256410256,94.4075
5,0.0,0.1282051282051282,91.06
6,0.0,0.15384615384615385,87.06
7,0.0,0.1794871794871795,83.695
8,0.0,0.20512820512820512,75.3
9,0.0,0.23076923076923075,70.9775
10,0.0,0.2564102564102564,65.005
11,0.0,0.28205128205128205,64.765
12,0.0,0.3076923076923077,54.1575
13,0.0,0.3333333333333333,53.785
14,0.0,0.358974358974359,44.355
15,0.0,0.3846153846153846,46.2675
16,0.0,0.41025641025641024,37.9875
17,0.0,0.4358974358974359,38.3775
18,0.0,0.4615384615384615,32.4025
19,0.0,0.48717948717948717,32.8675
20,0.0,0.5128205128205128,30.735
21,0.0,0.5384615384615384,26.02
22,0.0,0.5641025641025641,25.3525
23,0.0,0.5897435897435898,25.1775
24,0.0,0.6153846153846154,21.7575
25,0.0,0.641025641025641,19.78
26,0.0,0.6666666666666666,21.215
27,0.0,0.6923076923076923,18.8425
28,0.0,0.717948717948718,18.72
29,0.0,0.7435897435897436,18.3275
30,0.0,0.7692307692307692,16.1725
31,0.0,0.7948717948717948,15.065
32,0.0,0.8205128205128205,16.9575
33,0.0,0.8461538461538461,14.5025
34,0.0,0.8717948717948718,13.8625
35,0.0,0.8974358974358974,14.6125
36,0.0,0.923076923076923,14.3025
37,0.0,0.9487179487179487,11.98
38,0.0,0.9743589743589743,12.9225
39,0.0,1.0,12.5175
40,0.02564102564102564,0.0,99.715
41,0.02564102564102564,0.02564102564102564,99.4375
42,0.02564102564102564,0.05128205128205128,98.615
43,0.02564102564102564,0.07692307692307693,97.1025
44,0.02564102564102564,0.10256410256410256,94.7475
45,0.02564102564102564,0.1282051282051282,91.355
46,0.02564102564102564,0.15384615384615385,86.69
47,0.02564102564102564,0.1794871794871795,83.3575
48,0.02564102564102564,0.20512820512820512,77.7975
49,0.02564102564102564,0.23076923076923075,73.0425
50,0.02564102564102564,0.2564102564102564,66.3925
51,0.02564102564102564,0.28205128205128205,58.615
52,0.02564102564102564,0.3076923076923077,55.6425
53,0.02564102564102564,0.3333333333333333,50.6325
54,0.02564102564102564,0.358974358974359,45.415
55,0.02564102564102564,0.3846153846153846,43.62
56,0.02564102564102564,0.41025641025641024,41.2625
57,0.02564102564102564,0.4358974358974359,33.9975
58,0.02564102564102564,0.4615384615384615,33.6525
59,0.02564102564102564,0.48717948717948717,29.495
60,0.02564102564102564,0.5128205128205128,29.57
61,0.02564102564102564,0.5384615384615384,25.465
62,0.02564102564102564,0.5641025641025641,24.42
63,0.02564102564102564,0.5897435897435898,21.6
64,0.02564102564102564,0.6153846153846154,25.3025
65,0.02564102564102564,0.641025641025641,20.115
66,0.02564102564102564,0.6666666666666666,18.6975
67,0.02564102564102564,0.6923076923076923,19.3375
68,0.02564102564102564,0.717948717948718,17.0575
69,0.02564102564102564,0.7435897435897436,16.4725
70,0.02564102564102564,0.7692307692307692,14.565
71,0.02564102564102564,0.7948717948717948,16.205
72,0.02564102564102564,0.8205128205128205,13.6325
73,0.02564102564102564,0.8461538461538461,15.695
74,0.02564102564102564,0.8717948717948718,15.09
75,0.02564102564102564,0.8974358974358974,14.98
76,0.02564102564102564,0.923076923076923,13.1625
77,0.02564102564102564,0.9487179487179487,13.53
78,0.02564102564102564,0.9743589743589743,10.91
79,0.02564102564102564,1.0,11.6425
80,0.05128205128205128,0.0,99.6525
81,0.05128205128205128,0.02564102564102564,99.425
82,0.05128205128205128,0.05128205128205128,98.805
83,0.05128205128205128,0.07692307692307693,97.255
84,0.05128205128205128,0.10256410256410256,93.6075
85,0.05128205128205128,0.1282051282051282,92.01
86,0.05128205128205128,0.15384615384615385,86.5375
87,0.05128205128205128,0.1794871794871795,85.0175
88,0.05128205128205128,0.20512820512820512,75.025
89,0.05128205128205128,0.23076923076923075,68.235
90,0.05128205128205128,0.2564102564102564,64.0
91,0.05128205128205128,0.28205128205128205,61.065
92,0.05128205128205128,0.3076923076923077,55.035
93,0.05128205128205128,0.3333333333333333,50.445
94,0.05128205128205128,0.358974358974359,46.5575
95,0.05128205128205128,0.3846153846153846,40.685
96,0.05128205128205128,0.41025641025641024,39.74
97,0.05128205128205128,0.4358974358974359,36.64
98,0.05128205128205128,0.4615384615384615,32.1475
99,0.05128205128205128,0.48717948717948717,30.8775
100,0.05128205128205128,0.5128205128205128,31.39
101,0.05128205128205128,0.5384615384615384,24.5325
102,0.05128205128205128,0.5641025641025641,24.4775
103,0.05128205128205128,0.5897435897435898,23.155
104,0.05128205128205128,0.6153846153846154,20.9225
105,0.05128205128205128,0.641025641025641,18.5625
106,0.05128205128205128,0.6666666666666666,20.02
107,0.05128205128205128,0.6923076923076923,17.6925
108,0.05128205128205128,0.717948717948718,17.855
109,0.05128205128205128,0.7435897435897436,17.1875
110,0.05128205128205128,0.7692307692307692,16.59
111,0.05128205128205128,0.7948717948717948,15.355
112,0.05128205128205128,0.8205128205128205,13.1525
113,0.05128205128205128,0.8461538461538461,14.1375
114,0.05128205128205128,0.8717948717948718,14.485
115,0.05128205128205128,0.8974358974358974,14.1875
116,0.05128205128205128,0.923076923076923,12.715
117,0.05128205128205128,0.9487179487179487,13.745
118,0.05128205128205128,0.9743589743589743,12.5825
119,0.05128205128205128,1.0,10.755
120,0.07692307692307693,0.0,99.5925
121,0.07692307692307693,0.02564102564102564,99.365
122,0.07692307692307693,0.05128205128205128,98.5025
123,0.07692307692307693,0.07692307692307693,96.9075
124,0.07692307692307693,0.10256410256410256,94.68
125,0.07692307692307693,0.1282051282051282,91.335
126,0.07692307692307693,0.15384615384615385,86.42
127,0.07692307692307693,0.1794871794871795,83.055
128,0.07692307692307693,0.20512820512820512,78.1125
129,0.07692307692307693,0.23076923076923075,68.76
130,0.07692307692307693,0.2564102564102564,65.65
131,0.07692307692307693,0.28205128205128205,59.145
132,0.07692307692307693,0.3076923076923077,57.5025
133,0.07692307692307693,0.3333333333333333,51.935
134,0.07692307692307693,0.358974358974359,46.3075
135,0.07692307692307693,0.3846153846153846,41.0225
136,0.07692307692307693,0.41025641025641024,39.5725
137,0.07692307692307693,0.4358974358974359,35.0475
138,0.07692307692307693,0.4615384615384615,34.975
139,0.07692307692307693,0.48717948717948717,31.5625
140,0.07692307692307693,0.5128205128205128,26.8475
141,0.07692307692307693,0.5384615384615384,28.13
142,0.07692307692307693,0.5641025641025641,24.1175
143,0.07692307692307693,0.5897435897435898,22.4075
144,0.07692307692307693,0.6153846153846154,19.27
145,0.07692307692307693,0.641025641025641,20.485
146,0.07692307692307693,0.6666666666666666,17.26
147,0.07692307692307693,0.6923076923076923,19.12
148,0.07692307692307693,0.717948717948718,18.5325
149,0.07692307692307693,0.7435897435897436,16.3775
150,0.07692307692307693,0.7692307692307692,16.8425
151,0.07692307692307693,0.7948717948717948,17.235
152,0.07692307692307693,0.8205128205128205,13.525
153,0.07692307692307693,0.8461538461538461,16.065
154,0.07692307692307693,0.8717948717948718,13.7125
155,0.07692307692307693,0.8974358974358974,13.8875
156,0.07692307692307693,0.923076923076923,13.555
157,0.07692307692307693,0.9487179487179487,13.04
158,0.07692307692307693,0.9743589743589743,12.295
159,0.07692307692307693,1.0,12.2025
160,0.10256410256410256,0.0,99.4325
161,0.10256410256410256,0.02564102564102564,99.1825
162,0.10256410256410256,0.05128205128205128,98.275
163,0.10256410256410256,0.07692307692307693,96.9025
164,0.10256410256410256,0.10256410256410256,93.3725
165,0.10256410256410256,0.1282051282051282,90.13
166,0.10256410256410256,0.15384615384615385,86.835
167,0.10256410256410256,0.1794871794871795,82.6575
168,0.10256410256410256,0.20512820512820512,72.9225
169,0.10256410256410256,0.23076923076923075,71.095
170,0.10256410256410256,0.2564102564102564,61.73
171,0.10256410256410256,0.28205128205128205,54.405
172,0.10256410256410256,0.3076923076923077,51.42
173,0.10256410256410256,0.3333333333333333,48.8375
174,0.10256410256410256,0.358974358974359,44.0225
175,0.10256410256410256,0.3846153846153846,42.47
176,0.10256410256410256,0.41025641025641024,37.61
177,0.10256410256410256,0.4358974358974359,38.515
178,0.10256410256410256,0.4615384615384615,34.8725
179,0.10256410256410256,0.48717948717948717,31.315
180,0.10256410256410256,0.5128205128205128,29.1975
181,0.10256410256410256,0.5384615384615384,23.8675
182,0.10256410256410256,0.5641025641025641,24.9825
183,0.10256410256410256,0.5897435897435898,25.1025
184,0.10256410256410256,0.6153846153846154,20.7825
185,0.10256410256410256,0.641025641025641,19.0275
186,0.10256410256410256,0.6666666666666666,20.125
187,0.10256410256410256,0.6923076923076923,18.3075
188,0.10256410256410256,0.717948717948718,18.995
189,0.10256410256410256,0.7435897435897436,14.6075
190,0.10256410256410256,0.7692307692307692,15.3175
191,0.10256410256410256,0.7948717948717948,15.67
192,0.10256410256410256,0.8205128205128205,15.25
193,0.10256410256410256,0.8461538461538461,14.3975
194,0.10256410256410256,0.8717948717948718,13.9225
195,0.10256410256410256,0.8974358974358974,12.2575
196,0.10256410256410256,0.923076923076923,13.4375
197,0.10256410256410256,0.9487179487179487,11.955
198,0.10256410256410256,0.9743589743589743,11.5925
199,0.10256410256410256,1.0,11.7475
200,0.1282051282051282,0.0,99.005
201,0.1282051282051282,0.02564102564102564,98.68
202,0.1282051282051282,0.05128205128205128,97.73
203,0.1282051282051282,0.07692307692307693,96.355
204,0.1282051282051282,0.10256410256410256,93.85
205,0.1282051282051282,0.1282051282051282,90.0575
206,0.1282051282051282,0.15384615384615385,85.16
207,0.1282051282051282,0.1794871794871795,79.6625
208,0.1282051282051282,0.20512820512820512,72.3075
209,0.1282051282051282,0.23076923076923075,69.4975
210,0.1282051282051282,0.2564102564102564,62.5225
211,0.1282051282051282,0.28205128205128205,57.4725
212,0.1282051282051282,0.3076923076923077,54.195
213,0.1282051282051282,0.3333333333333333,50.3875
214,0.1282051282051282,0.358974358974359,45.84
215,0.1282051282051282,0.3846153846153846,40.255
216,0.1282051282051282,0.41025641025641024,36.0425
217,0.1282051282051282,0.4358974358974359,36.255
218,0.1282051282051282,0.4615384615384615,31.72
219,0.1282051282051282,0.48717948717948717,30.77
220,0.1282051282051282,0.5128205128205128,26.2775
221,0.1282051282051282,0.5384615384615384,25.885
222,0.1282051282051282,0.5641025641025641,23.85
223,0.1282051282051282,0.5897435897435898,21.2575
224,0.1282051282051282,0.6153846153846154,21.2625
225,0.1282051282051282,0.641025641025641,19.26
226,0.1282051282051282,0.6666666666666666,20.595
227,0.1282051282051282,0.6923076923076923,20.8825
228,0.1282051282051282,0.717948717948718,17.3575
229,0.1282051282051282,0.7435897435897436,16.0125
230,0.1282051282051282,0.7692307692307692,14.3125
231,0.1282051282051282,0.7948717948717948,13.995
232,0.1282051282051282,0.8205128205128205,16.7075
233,0.1282051282051282,0.8461538461538461,16.175
234,0.1282051282051282,0.8717948717948718,13.815
235,0.1282051282051282,0.8974358974358974,13.095
236,0.1282051282051282,0.923076923076923,11.95
237,0.1282051282051282,0.9487179487179487,13.6575
238,0.1282051282051282,0.9743589743589743,12.505
239,0.1282051282051282,1.0,11.29
240,0.15384615384615385,0.0,98.2075
241,0.15384615384615385,0.02564102564102564,98.615
242,0.15384615384615385,0.05128205128205128,96.8125
243,0.15384615384615385,0.07692307692307693,95.315
244,0.15384615384615385,0.10256410256410256,93.3275
245,0.15384615384615385,0.1282051282051282,88.425
246,0.15384615384615385,0.15384615384615385,83.585
247,0.15384615384615385,0.1794871794871795,76.79
248,0.15384615384615385,0.20512820512820512,75.035
249,0.15384615384615385,0.23076923076923075,66.895
250,0.15384615384615385,0.2564102564102564,59.4025
251,0.15384615384615385,0.28205128205128205,55.6
252,0.15384615384615385,0.3076923076923077,51.5875
253,0.15384615384615385,0.3333333333333333,46.6125
254,0.15384615384615385,0.358974358974359,44.2725
255,0.15384615384615385,0.3846153846153846,40.02
256,0.15384615384615385,0.41025641025641024,37.6125
257,0.15384615384615385,0.4358974358974359,35.425
258,0.15384615384615385,0.4615384615384615,33.1925
259,0.15384615384615385,0.48717948717948717,30.6825
260,0.15384615384615385,0.5128205128205128,26.985
261,0.15384615384615385,0.5384615384615384,27.17
262,0.15384615384615385,0.5641025641025641,27.4425
263,0.15384615384615385,0.5897435897435898,21.5425
264,0.15384615384615385,0.6153846153846154,18.75
265,0.15384615384615385,0.641025641025641,20.9425
266,0.15384615384615385,0.6666666666666666,19.7825
267,0.15384615384615385,0.6923076923076923,18.975
268,0.15384615384615385,0.717948717948718,17.49
269,0.15384615384615385,0.7435897435897436,16.005
270,0.15384615384615385,0.7692307692307692,15.2825
271,0.15384615384615385,0.7948717948717948,14.2075
272,0.15384615384615385,0.8205128205128205,15.025
273,0.15384615384615385,0.8461538461538461,13.13
274,0.15384615384615385,0.8717948717948718,12.825
275,0.15384615384615385,0.8974358974358974,13.8525
276,0.15384615384615385,0.923076923076923,11.6975
277,0.15384615384615385,0.9487179487179487,13.52
278,0.15384615384615385,0.9743589743589743,11.665
279,0.15384615384615385,1.0,12.38
280,0.1794871794871795,0.0,97.3975
281,0.1794871794871795,0.02564102564102564,97.1825
282,0.1794871794871795,0.05128205128205128,95.8675
283,0.1794871794871795,0.07692307692307693,94.2025
284,0.1794871794871795,0.10256410256410256,91.7525
285,0.1794871794871795,0.1282051282051282,89.4025
286,0.1794871794871795,0.15384615384615385,84.21
287,0.1794871794871795,0.1794871794871795,77.1875
288,0.1794871794871795,0.20512820512820512,70.5925
289,0.1794871794871795,0.23076923076923075,69.3725
290,0.1794871794871795,0.2564102564102564,56.67
291,0.1794871794871795,0.28205128205128205,58.8675
292,0.1794871794871795,0.3076923076923077,52.81
293,0.1794871794871795,0.3333333333333333,47.485
294,0.1794871794871795,0.358974358974359,43.075
295,0.1794871794871795,0.3846153846153846,38.5375
296,0.1794871794871795,0.41025641025641024,39.425
297,0.1794871794871795,0.4358974358974359,37.35
298,0.1794871794871795,0.4615384615384615,30.175
299,0.1794871794871795,0.48717948717948717,28.045
300,0.1794871794871795,0.5128205128205128,29.1025
301,0.1794871794871795,0.5384615384615384,25.8475
302,0.1794871794871795,0.5641025641025641,26.405
303,0.1794871794871795,0.5897435897435898,22.3825
304,0.1794871794871795,0.6153846153846154,23.56
305,0.1794871794871795,0.641025641025641,20.7525
306,0.1794871794871795,0.6666666666666666,19.5825
307,0.1794871794871795,0.6923076923076923,16.1325
308,0.1794871794871795,0.717948717948718,14.615
309,0.1794871794871795,0.7435897435897436,17.9
310,0.1794871794871795,0.7692307692307692,17.145
311,0.1794871794871795,0.7948717948717948,15.5525
312,0.1794871794871795,0.8205128205128205,13.965
313,0.1794871794871795,0.8461538461538461,14.58
314,0.1794871794871795,0.8717948717948718,12.7
315,0.1794871794871795,0.8974358974358974,12.28
316,0.1794871794871795,0.923076923076923,13.055
317,0.1794871794871795,0.9487179487179487,11.78
318,0.1794871794871795,0.9743589743589743,14.18
319,0.1794871794871795,1.0,11.19
320,0.20512820512820512,0.0,93.8
321,0.20512820512820512,0.02564102564102564,96.0425
322,0.20512820512820512,0.05128205128205128,92.4325
323,0.20512820512820512,0.07692307692307693,93.74
324,0.20512820512820512,0.10256410256410256,88.1625
325,0.20512820512820512,0.1282051282051282,83.72
326,0.20512820512820512,0.15384615384615385,81.3275
327,0.20512820512820512,0.1794871794871795,74.505
328,0.20512820512820512,0.20512820512820512,71.07
329,0.20512820512820512,0.23076923076923075,63.8725
330,0.20512820512820512,0.2564102564102564,61.0825
331,0.20512820512820512,0.28205128205128205,53.0125
332,0.20512820512820512,0.3076923076923077,50.5675
333,0.20512820512820512,0.3333333333333333,48.9425
334,0.20512820512820512,0.358974358974359,44.7275
335,0.20512820512820512,0.3846153846153846,37.45
336,0.20512820512820512,0.41025641025641024,33.0475
337,0.20512820512820512,0.4358974358974359,35.2175
338,0.20512820512820512,0.4615384615384615,31.805
339,0.20512820512820512,0.48717948717948717,32.355
340,0.20512820512820512,0.5128205128205128,27.23
341,0.20512820512820512,0.5384615384615384,24.9825
342,0.20512820512820512,0.5641025641025641,22.68
343,0.20512820512820512,0.5897435897435898,21.3875
344,0.20512820512820512,0.6153846153846154,18.795
345,0.20512820512820512,0.641025641025641,18.9725
346,0.20512820512820512,0.6666666666666666,17.9075
347,0.20512820512820512,0.6923076923076923,16.9575
348,0.20512820512820512,0.717948717948718,19.0475
349,0.20512820512820512,0.7435897435897436,16.96
350,0.20512820512820512,0.7692307692307692,15.1575
351,0.20512820512820512,0.7948717948717948,13.8675
352,0.20512820512820512,0.8205128205128205,13.1875
353,0.20512820512820512,0.8461538461538461,13.025
354,0.20512820512820512,0.8717948717948718,11.645
355,0.20512820512820512,0.8974358974358974,13.065
356,0.20512820512820512,0.923076923076923,12.9575
357,0.20512820512820512,0.9487179487179487,11.5125
358,0.20512820512820512,0.9743589743589743,12.7075
359,0.20512820512820512,1.0,12.9375
360,0.23076923076923075,0.0,92.7
361,0.23076923076923075,0.02564102564102564,92.595
362,0.23076923076923075,0.05128205128205128,90.6125
363,0.23076923076923075,0.07692307692307693,91.28
364,0.23076923076923075,0.10256410256410256,87.8925
365,0.23076923076923075,0.1282051282051282,81.225
366,0.23076923076923075,0.15384615384615385,78.7275
367,0.23076923076923075,0.1794871794871795,75.295
368,0.23076923076923075,0.20512820512820512,69.92
369,0.23076923076923075,0.23076923076923075,62.78
370,0.23076923076923075,0.2564102564102564,55.74
371,0.23076923076923075,0.28205128205128205,50.515
372,0.23076923076923075,0.3076923076923077,46.3575
373,0.23076923076923075,0.3333333333333333,44.1925
374,0.23076923076923075,0.358974358974359,42.435
375,0.23076923076923075,0.3846153846153846,39.4675
376,0.23076923076923075,0.41025641025641024,37.6875
377,0.23076923076923075,0.4358974358974359,34.545
378,0.23076923076923075,0.4615384615384615,33.6125
379,0.23076923076923075,0.48717948717948717,28.985
380,0.23076923076923075,0.5128205128205128,29.5225
381,0.23076923076923075,0.5384615384615384,25.4975
382,0.23076923076923075,0.5641025641025641,25.27
383,0.23076923076923075,0.5897435897435898,19.345
384,0.23076923076923075,0.6153846153846154,20.2375
385,0.23076923076923075,0.641025641025641,19.285
386,0.23076923076923075,0.6666666666666666,17.5825
387,0.23076923076923075,0.6923076923076923,19.0675
388,0.23076923076923075,0.717948717948718,16.83
389,0.23076923076923075,0.7435897435897436,15.94
390,0.23076923076923075,0.7692307692307692,15.95
391,0.23076923076923075,0.7948717948717948,15.6
392,0.23076923076923075,0.8205128205128205,15.68
393,0.23076923076923075,0.8461538461538461,14.7425
394,0.23076923076923075,0.8717948717948718,12.89
395,0.23076923076923075,0.8974358974358974,13.7525
396,0.23076923076923075,0.923076923076923,13.7725
397,0.23076923076923075,0.9487179487179487,12.6575
398,0.23076923076923075,0.9743589743589743,11.7275
399,0.23076923076923075,1.0,11.29
400,0.2564102564102564,0.0,92.0375
401,0.2564102564102564,0.02564102564102564,87.5775
402,0.2564102564102564,0.05128205128205128,88.3875
403,0.2564102564102564,0.07692307692307693,84.2075
404,0.2564102564102564,0.10256410256410256,83.285
405,0.2564102564102564,0.1282051282051282,78.03
406,0.2564102564102564,0.15384615384615385,77.06
407,0.2564102564102564,0.1794871794871795,71.45
408,0.2564102564102564,0.20512820512820512,65.91
409,0.2564102564102564,0.23076923076923075,64.05
410,0.2564102564102564,0.2564102564102564,54.08
411,0.2564102564102564,0.28205128205128205,50.9275
412,0.2564102564102564,0.3076923076923077,45.3625
413,0.2564102564102564,0.3333333333333333,48.41
414,0.2564102564102564,0.358974358974359,38.44
415,0.2564102564102564,0.3846153846153846,34.6625
416,0.2564102564102564,0.41025641025641024,37.7
417,0.2564102564102564,0.4358974358974359,30.6025
418,0.2564102564102564,0.4615384615384615,28.595
419,0.2564102564102564,0.48717948717948717,32.2425
420,0.2564102564102564,0.5128205128205128,27.5975
421,0.2564102564102564,0.5384615384615384,24.4475
422,0.2564102564102564,0.5641025641025641,22.6875
423,0.2564102564102564,0.5897435897435898,22.17
424,0.2564102564102564,0.6153846153846154,19.9225
425,0.2564102564102564,0.641025641025641,18.3625
426,0.2564102564102564,0.6666666666666666,19.32
427,0.2564102564102564,0.6923076923076923,17.4725
428,0.2564102564102564,0.717948717948718,17.7325
429,0.2564102564102564,0.7435897435897436,16.0025
430,0.2564102564102564,0.7692307692307692,12.49
431,0.2564102564102564,0.7948717948717948,13.735
432,0.2564102564102564,0.8205128205128205,15.265
433,0.2564102564102564,0.8461538461538461,15.6175
434,0.2564102564102564,0.8717948717948718,14.26
435,0.2564102564102564,0.8974358974358974,13.07
436,0.2564102564102564,0.923076923076923,12.6175
437,0.2564102564102564,0.9487179487179487,12.2675
438,0.2564102564102564,0.9743589743589743,12.17
439,0.2564102564102564,1.0,12.905
440,0.28205128205128205,0.0,85.025
441,0.28205128205128205,0.02564102564102564,83.04
442,0.28205128205128205,0.05128205128205128,83.35
443,0.28205128205128205,0.07692307692307693,81.0875
444,0.28205128205128205,0.10256410256410256,76.235
445,0.28205128205128205,0.1282051282051282,75.87
446,0.28205128205128205,0.15384615384615385,71.37
447,0.28205128205128205,0.1794871794871795,61.5525
448,0.28205128205128205,0.20512820512820512,62.1075
449,0.28205128205128205,0.23076923076923075,51.36
450,0.28205128205128205,0.2564102564102564,51.6925
451,0.28205128205128205,0.28205128205128205,48.9
452,0.28205128205128205,0.3076923076923077,46.035
453,0.28205128205128205,0.3333333333333333,40.0225
454,0.28205128205128205,0.358974358974359,39.665
455,0.28205128205128205,0.3846153846153846,35.0375
456,0.28205128205128205,0.41025641025641024,37.305
457,0.28205128205128205,0.4358974358974359,29.405
458,0.28205128205128205,0.4615384615384615,30.8675
459,0.28205128205128205,0.48717948717948717,26.7175
460,0.28205128205128205,0.5128205128205128,26.585
461,0.28205128205128205,0.5384615384615384,24.0275
462,0.28205128205128205,0.5641025641025641,23.855
463,0.28205128205128205,0.5897435897435898,20.6825
464,0.28205128205128205,0.6153846153846154,20.605
465,0.28205128205128205,0.641025641025641,19.4525
466,0.28205128205128205,0.6666666666666666,18.215
467,0.28205128205128205,0.6923076923076923,18.38
468,0.28205128205128205,0.717948717948718,16.07
469,0.28205128205128205,0.7435897435897436,15.015
470,0.28205128205128205,0.7692307692307692,13.9775
471,0.28205128205128205,0.7948717948717948,12.4
472,0.28205128205128205,0.8205128205128205,14.4225
473,0.28205128205128205,0.8461538461538461,14.425
474,0.28205128205128205,0.8717948717948718,13.6625
475,0.28205128205128205,0.8974358974358974,13.215
476,0.28205128205128205,0.923076923076923,13.5375
477,0.28205128205128205,0.9487179487179487,12.735
478,0.28205128205128205,0.9743589743589743,10.745
479,0.28205128205128205,1.0,12.1675
480,0.3076923076923077,0.0,81.4575
481,0.3076923076923077,0.02564102564102564,79.9275
482,0.3076923076923077,0.05128205128205128,81.9
483,0.3076923076923077,0.07692307692307693,79.03
484,0.3076923076923077,0.10256410256410256,74.08
485,0.3076923076923077,0.1282051282051282,68.9525
486,0.3076923076923077,0.15384615384615385,65.2
487,0.3076923076923077,0.1794871794871795,60.835
488,0.3076923076923077,0.20512820512820512,62.6375
489,0.3076923076923077,0.23076923076923075,54.86
490,0.3076923076923077,0.2564102564102564,47.1
491,0.3076923076923077,0.28205128205128205,45.7225
492,0.3076923076923077,0.3076923076923077,43.0675
493,0.3076923076923077,0.3333333333333333,40.7825
494,0.3076923076923077,0.358974358974359,35.8725
495,0.3076923076923077,0.3846153846153846,35.6125
496,0.3076923076923077,0.41025641025641024,33.525
497,0.3076923076923077,0.4358974358974359,29.3575
498,0.3076923076923077,0.4615384615384615,27.9475
499,0.3076923076923077,0.48717948717948717,27.2875
500,0.3076923076923077,0.5128205128205128,23.7725
501,0.3076923076923077,0.5384615384615384,25.74
502,0.3076923076923077,0.5641025641025641,23.6125
503,0.3076923076923077,0.5897435897435898,21.6225
504,0.3076923076923077,0.6153846153846154,19.99
505,0.3076923076923077,0.641025641025641,18.5925
506,0.3076923076923077,0.6666666666666666,18.315
507,0.3076923076923077,0.6923076923076923,15.8425
508,0.3076923076923077,0.717948717948718,15.0025
509,0.3076923076923077,0.7435897435897436,14.675
510,0.3076923076923077,0.7692307692307692,14.41
511,0.3076923076923077,0.7948717948717948,15.355
512,0.3076923076923077,0.8205128205128205,13.6675
513,0.3076923076923077,0.8461538461538461,12.7025
514,0.3076923076923077,0.8717948717948718,12.3775
515,0.3076923076923077,0.8974358974358974,14.29
516,0.3076923076923077,0.923076923076923,12.25
517,0.3076923076923077,0.9487179487179487,13.39
518,0.3076923076923077,0.9743589743589743,11.82
519,0.3076923076923077,1.0,11.8725
520,0.3333333333333333,0.0,76.3125
521,0.3333333333333333,0.02564102564102564,75.835
522,0.3333333333333333,0.05128205128205128,74.9225
523,0.3333333333333333,0.07692307692307693,70.955
524,0.3333333333333333,0.10256410256410256,65.6675
525,0.3333333333333333,0.1282051282051282,63.375
526,0.3333333333333333,0.15384615384615385,63.8675
527,0.3333333333333333,0.1794871794871795,62.3675
528,0.3333333333333333,0.20512820512820512,54.0025
529,0.3333333333333333,0.23076923076923075,50.2725
530,0.3333333333333333,0.2564102564102564,50.92
531,0.3333333333333333,0.28205128205128205,44.81
532,0.3333333333333333,0.3076923076923077,38.75
533,0.3333333333333333,0.3333333333333333,39.4275
534,0.3333333333333333,0.358974358974359,37.435
535,0.3333333333333333,0.3846153846153846,32.295
536,0.3333333333333333,0.41025641025641024,31.4625
537,0.3333333333333333,0.4358974358974359,27.2975
538,0.3333333333333333,0.4615384615384615,26.5575
539,0.3333333333333333,0.48717948717948717,29.395
540,0.3333333333333333,0.5128205128205128,26.4375
541,0.3333333333333333,0.5384615384615384,20.47
542,0.3333333333333333,0.5641025641025641,22.65
543,0.3333333333333333,0.5897435897435898,19.8375
544,0.3333333333333333,0.6153846153846154,18.86
545,0.3333333333333333,0.641025641025641,19.37
546,0.3333333333333333,0.6666666666666666,16.7625
547,0.3333333333333333,0.6923076923076923,16.905
548,0.3333333333333333,0.717948717948718,17.0425
549,0.3333333333333333,0.7435897435897436,16.825
550,0.3333333333333333,0.7692307692307692,15.09
551,0.3333333333333333,0.7948717948717948,14.01
552,0.3333333333333333,0.8205128205128205,14.6425
553,0.3333333333333333,0.8461538461538461,11.875
554,0.3333333333333333,0.8717948717948718,11.8625
555,0.3333333333333333,0.8974358974358974,14.945
556,0.3333333333333333,0.923076923076923,13.425
557,0.3333333333333333,0.9487179487179487,12.745
558,0.3333333333333333,0.9743589743589743,12.765
559,0.3333333333333333,1.0,12.1725
560,0.358974358974359,0.0,71.2975
561,0.358974358974359,0.02564102564102564,69.3
562,0.358974358974359,0.05128205128205128,75.1775
563,0.358974358974359,0.07692307692307693,67.6725
564,0.358974358974359,0.10256410256410256,64.6025
565,0.358974358974359,0.1282051282051282,62.5375
566,0.358974358974359,0.15384615384615385,59.25
567,0.358974358974359,0.1794871794871795,57.0475
568,0.358974358974359,0.20512820512820512,54.1075
569,0.358974358974359,0.23076923076923075,47.6475
570,0.358974358974359,0.2564102564102564,42.3325
571,0.358974358974359,0.28205128205128205,41.71
572,0.358974358974359,0.3076923076923077,36.0375
573,0.358974358974359,0.3333333333333333,38.0675
574,0.358974358974359,0.358974358974359,32.295
575,0.358974358974359,0.3846153846153846,30.1375
576,0.358974358974359,0.41025641025641024,31.915
577,0.358974358974359,0.4358974358974359,31.8675
578,0.358974358974359,0.4615384615384615,27.9825
579,0.358974358974359,0.48717948717948717,24.4025
580,0.358974358974359,0.5128205128205128,22.7925
581,0.358974358974359,0.5384615384615384,21.905
582,0.358974358974359,0.5641025641025641,23.685
583,0.358974358974359,0.5897435897435898,21.2125
584,0.358974358974359,0.6153846153846154,19.02
585,0.358974358974359,0.641025641025641,17.71
586,0.358974358974359,0.6666666666666666,17.9625
587,0.358974358974359,0.6923076923076923,17.2475
588,0.358974358974359,0.717948717948718,15.1125
589,0.358974358974359,0.7435897435897436,15.6175
590,0.358974358974359,0.7692307692307692,13.79
591,0.358974358974359,0.7948717948717948,14.9525
592,0.358974358974359,0.8205128205128205,12.01
593,0.358974358974359,0.8461538461538461,12.675
594,0.358974358974359,0.8717948717948718,12.425
595,0.358974358974359,0.8974358974358974,13.0325
596,0.358974358974359,0.923076923076923,13.435
597,0.358974358974359,0.9487179487179487,13.375
598,0.358974358974359,0.9743589743589743,11.9
599,0.358974358974359,1.0,12.1375
600,0.3846153846153846,0.0,62.965
601,0.3846153846153846,0.02564102564102564,66.425
602,0.3846153846153846,0.05128205128205128,67.68
603,0.3846153846153846,0.07692307692307693,64.8025
604,0.3846153846153846,0.10256410256410256,58.5025
605,0.3846153846153846,0.1282051282051282,61.0125
606,0.3846153846153846,0.15384615384615385,54.36
607,0.3846153846153846,0.1794871794871795,54.655
608,0.3846153846153846,0.20512820512820512,47.2725
609,0.3846153846153846,0.23076923076923075,47.3875
610,0.3846153846153846,0.2564102564102564,39.34
611,0.3846153846153846,0.28205128205128205,39.05
612,0.3846153846153846,0.3076923076923077,39.5525
613,0.3846153846153846,0.3333333333333333,32.44
614,0.3846153846153846,0.358974358974359,35.1625
615,0.3846153846153846,0.3846153846153846,33.2775
616,0.3846153846153846,0.41025641025641024,31.0575
617,0.3846153846153846,0.4358974358974359,29.89
618,0.3846153846153846,0.4615384615384615,24.6575
619,0.3846153846153846,0.48717948717948717,24.44
620,0.3846153846153846,0.5128205128205128,23.525
621,0.3846153846153846,0.5384615384615384,19.725
622,0.3846153846153846,0.5641025641025641,19.7125
623,0.3846153846153846,0.5897435897435898,19.515
624,0.3846153846153846,0.6153846153846154,17.505
625,0.3846153846153846,0.641025641025641,18.105
626,0.3846153846153846,0.6666666666666666,17.9875
627,0.3846153846153846,0.6923076923076923,15.795
628,0.3846153846153846,0.717948717948718,14.725
629,0.3846153846153846,0.7435897435897436,15.445
630,0.3846153846153846,0.7692307692307692,16.335
631,0.3846153846153846,0.7948717948717948,13.265
632,0.3846153846153846,0.8205128205128205,14.99
633,0.3846153846153846,0.8461538461538461,14.5325
634,0.3846153846153846,0.8717948717948718,13.2725
635,0.3846153846153846,0.8974358974358974,11.6225
636,0.3846153846153846,0.923076923076923,13.7075
637,0.3846153846153846,0.9487179487179487,12.5025
638,0.3846153846153846,0.9743589743589743,11.8925
639,0.3846153846153846,1.0,13.3375
640,0.41025641025641024,0.0,68.81
641,0.41025641025641024,0.02564102564102564,63.965
642,0.41025641025641024,0.05128205128205128,60.84
643,0.41025641025641024,0.07692307692307693,60.8875
644,0.41025641025641024,0.10256410256410256,59.5925
645,0.41025641025641024,0.1282051282051282,54.69
646,0.41025641025641024,0.15384615384615385,54.23
647,0.41025641025641024,0.1794871794871795,48.3275
648,0.41025641025641024,0.20512820512820512,45.595
649,0.41025641025641024,0.23076923076923075,42.445
650,0.41025641025641024,0.2564102564102564,41.4575
651,0.41025641025641024,0.28205128205128205,39.055
652,0.41025641025641024,0.3076923076923077,37.625
653,0.41025641025641024,0.3333333333333333,34.47
654,0.41025641025641024,0.358974358974359,32.6325
655,0.41025641025641024,0.3846153846153846,32.9325
656,0.41025641025641024,0.41025641025641024,28.0225
657,0.41025641025641024,0.4358974358974359,25.6425
658,0.41025641025641024,0.4615384615384615,24.185
659,0.41025641025641024,0.48717948717948717,25.025
660,0.41025641025641024,0.5128205128205128,23.9175
661,0.41025641025641024,0.5384615384615384,21.87
662,0.41025641025641024,0.5641025641025641,20.775
663,0.41025641025641024,0.5897435897435898,21.2925
664,0.41025641025641024,0.6153846153846154,19.6825
665,0.41025641025641024,0.641025641025641,18.305
666,0.41025641025641024,0.6666666666666666,15.625
667,0.41025641025641024,0.6923076923076923,16.07
668,0.41025641025641024,0.717948717948718,15.4875
669,0.41025641025641024,0.7435897435897436,16.23
670,0.41025641025641024,0.7692307692307692,13.33
671,0.41025641025641024,0.7948717948717948,13.895
672,0.41025641025641024,0.8205128205128205,12.57
673,0.41025641025641024,0.8461538461538461,13.6975
674,0.41025641025641024,0.8717948717948718,13.36
675,0.41025641025641024,0.8974358974358974,13.3425
676,0.41025641025641024,0.923076923076923,12.9
677,0.41025641025641024,0.9487179487179487,12.1125
678,0.41025641025641024,0.9743589743589743,12.59
679,0.41025641025641024,1.0,11.0975
680,0.4358974358974359,0.0,58.2025
681,0.4358974358974359,0.02564102564102564,55.05
682,0.4358974358974359,0.05128205128205128,55.2475
683,0.4358974358974359,0.07692307692307693,55.775
684,0.4358974358974359,0.10256410256410256,53.6975
685,0.4358974358974359,0.1282051282051282,52.8475
686,0.4358974358974359,0.15384615384615385,49.445
687,0.4358974358974359,0.1794871794871795,50.935
688,0.4358974358974359,0.20512820512820512,40.205
689,0.4358974358974359,0.23076923076923075,40.8425
690,0.4358974358974359,0.2564102564102564,37.9475
691,0.4358974358974359,0.28205128205128205,36.845
692,0.4358974358974359,0.3076923076923077,36.83
693,0.4358974358974359,0.3333333333333333,33.025
694,0.4358974358974359,0.358974358974359,31.8775
695,0.4358974358974359,0.3846153846153846,28.675
696,0.4358974358974359,0.41025641025641024,25.9825
697,0.4358974358974359,0.4358974358974359,28.025
698,0.4358974358974359,0.4615384615384615,24.6275
699,0.4358974358974359,0.48717948717948717,23.8775
700,0.4358974358974359,0.5128205128205128,19.71
701,0.4358974358974359,0.5384615384615384,20.5075
702,0.4358974358974359,0.5641025641025641,18.155
703,0.4358974358974359,0.5897435897435898,18.5575
704,0.4358974358974359,0.6153846153846154,13.88
705,0.4358974358974359,0.641025641025641,17.86
706,0.4358974358974359,0.6666666666666666,18.08
707,0.4358974358974359,0.6923076923076923,16.055
708,0.4358974358974359,0.717948717948718,13.665
709,0.4358974358974359,0.7435897435897436,13.6875
710,0.4358974358974359,0.7692307692307692,14.025
711,0.4358974358974359,0.7948717948717948,15.0225
712,0.4358974358974359,0.8205128205128205,13.7275
713,0.4358974358974359,0.8461538461538461,12.7925
714,0.4358974358974359,0.8717948717948718,11.965
715,0.4358974358974359,0.8974358974358974,11.915
716,0.4358974358974359,0.923076923076923,11.325
717,0.4358974358974359,0.9487179487179487,13.8675
718,0.4358974358974359,0.9743589743589743,11.0575
719,0.4358974358974359,1.0,13.145
720,0.4615384615384615,0.0,52.925
721,0.4615384615384615,0.02564102564102564,53.48
722,0.4615384615384615,0.05128205128205128,53.835
723,0.4615384615384615,0.07692307692307693,50.945
724,0.4615384615384615,0.10256410256410256,48.8475
725,0.4615384615384615,0.1282051282051282,48.175
726,0.4615384615384615,0.15384615384615385,45.41
727,0.4615384615384615,0.1794871794871795,45.0925
728,0.4615384615384615,0.20512820512820512,43.1175
729,0.4615384615384615,0.23076923076923075,39.875
730,0.4615384615384615,0.2564102564102564,39.075
731,0.4615384615384615,0.28205128205128205,38.5775
732,0.4615384615384615,0.3076923076923077,30.5375
733,0.4615384615384615,0.3333333333333333,31.955
734,0.4615384615384615,0.358974358974359,26.7025
735,0.4615384615384615,0.3846153846153846,26.2375
736,0.4615384615384615,0.41025641025641024,25.6275
737,0.4615384615384615,0.4358974358974359,22.9775
738,0.4615384615384615,0.4615384615384615,23.8975
739,0.4615384615384615,0.48717948717948717,22.85
740,0.4615384615384615,0.5128205128205128,21.635
741,0.4615384615384615,0.5384615384615384,18.1775
742,0.4615384615384615,0.5641025641025641,17.97
743,0.4615384615384615,0.5897435897435898,15.485
744,0.4615384615384615,0.6153846153846154,17.465
745,0.4615384615384615,0.641025641025641,16.285
746,0.4615384615384615,0.6666666666666666,17.81
747,0.4615384615384615,0.6923076923076923,14.7225
748,0.4615384615384615,0.717948717948718,14.9075
749,0.4615384615384615,0.7435897435897436,13.4075
750,0.4615384615384615,0.7692307692307692,15.9675
751,0.4615384615384615,0.7948717948717948,13.9325
752,0.4615384615384615,0.8205128205128205,12.8675
753,0.4615384615384615,0.8461538461538461,13.5875
754,0.4615384615384615,0.8717948717948718,13.6675
755,0.4615384615384615,0.8974358974358974,10.625
756,0.4615384615384615,0.923076923076923,13.295
757,0.4615384615384615,0.9487179487179487,12.06
758,0.4615384615384615,0.9743589743589743,12.005
759,0.4615384615384615,1.0,9.635
760,0.48717948717948717,0.0,46.3475
761,0.48717948717948717,0.02564102564102564,53.0275
762,0.48717948717948717,0.05128205128205128,53.9125
763,0.48717948717948717,0.07692307692307693,49.4775
764,0.48717948717948717,0.10256410256410256,45.695
765,0.48717948717948717,0.1282051282051282,47.4225
766,0.48717948717948717,0.15384615384615385,41.47
767,0.48717948717948717,0.1794871794871795,45.295
768,0.48717948717948717,0.20512820512820512,37.9975
769,0.48717948717948717,0.23076923076923075,36.6525
770,0.48717948717948717,0.2564102564102564,33.1225
771,0.48717948717948717,0.28205128205128205,31.1475
772,0.48717948717948717,0.3076923076923077,31.83
773,0.48717948717948717,0.3333333333333333,30.13
774,0.48717948717948717,0.358974358974359,28.42
775,0.48717948717948717,0.3846153846153846,25.1175
776,0.48717948717948717,0.41025641025641024,25.16
777,0.48717948717948717,0.4358974358974359,24.5825
778,0.48717948717948717,0.4615384615384615,23.09
779,0.48717948717948717,0.48717948717948717,22.5775
780,0.48717948717948717,0.5128205128205128,23.4675
781,0.48717948717948717,0.5384615384615384,21.905
782,0.48717948717948717,0.5641025641025641,18.875
783,0.48717948717948717,0.5897435897435898,18.8575
784,0.48717948717948717,0.6153846153846154,16.8775
785,0.48717948717948717,0.641025641025641,16.2425
786,0.48717948717948717,0.6666666666666666,16.945
787,0.48717948717948717,0.6923076923076923,15.31
788,0.48717948717948717,0.717948717948718,16.1675
789,0.48717948717948717,0.7435897435897436,14.4575
790,0.48717948717948717,0.7692307692307692,14.8225
791,0.48717948717948717,0.7948717948717948,13.3
792,0.48717948717948717,0.8205128205128205,12.1275
793,0.48717948717948717,0.8461538461538461,11.9125
794,0.48717948717948717,0.8717948717948718,13.55
795,0.48717948717948717,0.8974358974358974,12.2025
796,0.48717948717948717,0.923076923076923,12.7875
797,0.48717948717948717,0.9487179487179487,12.795
798,0.48717948717948717,0.9743589743589743,12.4425
799,0.48717948717948717,1.0,11.295
800,0.5128205128205128,0.0,50.43
801,0.5128205128205128,0.02564102564102564,47.1025
802,0.5128205128205128,0.05128205128205128,41.745
803,0.5128205128205128,0.07692307692307693,45.69
804,0.5128205128205128,0.10256410256410256,44.7475
805,0.5128205128205128,0.1282051282051282,41.86
806,0.5128205128205128,0.15384615384615385,43.46
807,0.5128205128205128,0.1794871794871795,37.4725
808,0.5128205128205128,0.20512820512820512,39.8675
809,0.5128205128205128,0.23076923076923075,32.6975
810,0.5128205128205128,0.2564102564102564,33.325
811,0.5128205128205128,0.28205128205128205,30.725
812,0.5128205128205128,0.3076923076923077,30.1625
813,0.5128205128205128,0.3333333333333333,29.5125
814,0.5128205128205128,0.358974358974359,28.83
815,0.5128205128205128,0.3846153846153846,26.6625
816,0.5128205128205128,0.41025641025641024,24.9225
817,0.5128205128205128,0.4358974358974359,22.6225
818,0.5128205128205128,0.4615384615384615,20.92
819,0.5128205128205128,0.48717948717948717,23.685
820,0.5128205128205128,0.5128205128205128,21.7525
821,0.5128205128205128,0.5384615384615384,20.1625
822,0.5128205128205128,0.5641025641025641,21.63
823,0.5128205128205128,0.5897435897435898,17.7025
824,0.5128205128205128,0.6153846153846154,19.335
825,0.5128205128205128,0.641025641025641,17.415
826,0.5128205128205128,0.6666666666666666,15.16
827,0.5128205128205128,0.6923076923076923,17.685
828,0.5128205128205128,0.717948717948718,13.91
829,0.5128205128205128,0.7435897435897436,14.4525
830,0.5128205128205128,0.7692307692307692,14.1575
831,0.5128205128205128,0.7948717948717948,13.7275
832,0.5128205128205128,0.8205128205128205,12.86
833,0.5128205128205128,0.8461538461538461,12.545
834,0.5128205128205128,0.8717948717948718,12.5025
835,0.5128205128205128,0.8974358974358974,12.45
836,0.5128205128205128,0.923076923076923,12.765
837,0.5128205128205128,0.9487179487179487,12.935
838,0.5128205128205128,0.9743589743589743,13.4225
839,0.5128205128205128,1.0,12.7775
840,0.5384615384615384,0.0,43.26
841,0.5384615384615384,0.02564102564102564,44.6425
842,0.5384615384615384,0.05128205128205128,35.83
843,0.5384615384615384,0.07692307692307693,38.5425
844,0.5384615384615384,0.10256410256410256,42.2875
845,0.5384615384615384,0.1282051282051282,45.105
846,0.5384615384615384,0.15384615384615385,38.885
847,0.5384615384615384,0.1794871794871795,38.5975
848,0.5384615384615384,0.20512820512820512,34.1825
849,0.5384615384615384,0.23076923076923075,36.075
850,0.5384615384615384,0.2564102564102564,32.51
851,0.5384615384615384,0.28205128205128205,30.485
852,0.5384615384615384,0.3076923076923077,28.155
853,0.5384615384615384,0.3333333333333333,29.6075
854,0.5384615384615384,0.358974358974359,24.7975
855,0.5384615384615384,0.3846153846153846,24.01
856,0.5384615384615384,0.41025641025641024,23.5325
857,0.5384615384615384,0.4358974358974359,24.1675
858,0.5384615384615384,0.4615384615384615,24.49
859,0.5384615384615384,0.48717948717948717,20.4125
860,0.5384615384615384,0.5128205128205128,20.48
861,0.5384615384615384,0.5384615384615384,19.3425
862,0.5384615384615384,0.5641025641025641,16.19
863,0.5384615384615384,0.5897435897435898,17.3625
864,0.5384615384615384,0.6153846153846154,15.5075
865,0.5384615384615384,0.641025641025641,16.795
866,0.5384615384615384,0.6666666666666666,16.585
867,0.5384615384615384,0.6923076923076923,16.335
868,0.5384615384615384,0.717948717948718,15.3325
869,0.5384615384615384,0.7435897435897436,14.1025
870,0.5384615384615384,0.7692307692307692,14.71
871,0.5384615384615384,0.7948717948717948,11.55
872,0.5384615384615384,0.8205128205128205,12.4475
873,0.5384615384615384,0.8461538461538461,13.375
874,0.5384615384615384,0.8717948717948718,13.035
875,0.5384615384615384,0.8974358974358974,12.3575
876,0.5384615384615384,0.923076923076923,12.735
877,0.5384615384615384,0.9487179487179487,12.73
878,0.5384615384615384,0.9743589743589743,12.1375
879,0.5384615384615384,1.0,12.1525
880,0.5641025641025641,0.0,35.665
881,0.5641025641025641,0.02564102564102564,41.66
882,0.5641025641025641,0.05128205128205128,37.9825
883,0.5641025641025641,0.07692307692307693,36.6125
884,0.5641025641025641,0.10256410256410256,41.9325
885,0.5641025641025641,0.1282051282051282,35.8175
886,0.5641025641025641,0.15384615384615385,32.365
887,0.5641025641025641,0.1794871794871795,36.515
888,0.5641025641025641,0.20512820512820512,33.9075
889,0.5641025641025641,0.23076923076923075,35.18
890,0.5641025641025641,0.2564102564102564,32.98
891,0.5641025641025641,0.28205128205128205,27.6475
892,0.5641025641025641,0.3076923076923077,30.53
893,0.5641025641025641,0.3333333333333333,26.845
894,0.5641025641025641,0.358974358974359,25.09
895,0.5641025641025641,0.3846153846153846,24.255
896,0.5641025641025641,0.41025641025641024,25.4775
897,0.5641025641025641,0.4358974358974359,20.71
898,0.5641025641025641,0.4615384615384615,23.015
899,0.5641025641025641,0.48717948717948717,18.925
900,0.5641025641025641,0.5128205128205128,19.6375
901,0.5641025641025641,0.5384615384615384,16.005
902,0.5641025641025641,0.5641025641025641,16.0175
903,0.5641025641025641,0.5897435897435898,18.37
904,0.5641025641025641,0.6153846153846154,17.35
905,0.5641025641025641,0.641025641025641,17.085
906,0.5641025641025641,0.6666666666666666,13.2575
907,0.5641025641025641,0.6923076923076923,15.895
908,0.5641025641025641,0.717948717948718,14.625
909,0.5641025641025641,0.7435897435897436,14.57
910,0.5641025641025641,0.7692307692307692,12.9575
911,0.5641025641025641,0.7948717948717948,13.3225
912,0.5641025641025641,0.8205128205128205,11.845
913,0.5641025641025641,0.8461538461538461,12.4775
914,0.5641025641025641,0.8717948717948718,14.0625
915,0.5641025641025641,0.8974358974358974,12.325
916,0.5641025641025641,0.923076923076923,13.055
917,0.5641025641025641,0.9487179487179487,11.5575
918,0.5641025641025641,0.9743589743589743,11.8175
919,0.5641025641025641,1.0,11.5925
920,0.5897435897435898,0.0,36.9575
921,0.5897435897435898,0.02564102564102564,39.8225
922,0.5897435897435898,0.05128205128205128,37.7325
923,0.5897435897435898,0.07692307692307693,39.035
924,0.5897435897435898,0.10256410256410256,41.7
925,0.5897435897435898,0.1282051282051282,31.1875
926,0.5897435897435898,0.15384615384615385,34.5475
927,0.5897435897435898,0.1794871794871795,28.9525
928,0.5897435897435898,0.20512820512820512,33.41
929,0.5897435897435898,0.23076923076923075,31.945
930,0.5897435897435898,0.2564102564102564,30.505
931,0.5897435897435898,0.28205128205128205,28.2025
932,0.5897435897435898,0.3076923076923077,24.855
933,0.5897435897435898,0.3333333333333333,26.7675
934,0.5897435897435898,0.358974358974359,26.345
935,0.5897435897435898,0.3846153846153846,25.085
936,0.5897435897435898,0.41025641025641024,24.1025
937,0.5897435897435898,0.4358974358974359,21.9925
938,0.5897435897435898,0.4615384615384615,19.74
939,0.5897435897435898,0.48717948717948717,20.685
940,0.5897435897435898,0.5128205128205128,16.3675
941,0.5897435897435898,0.5384615384615384,18.3925
942,0.5897435897435898,0.5641025641025641,17.485
943,0.5897435897435898,0.5897435897435898,19.0725
944,0.5897435897435898,0.6153846153846154,16.195
945,0.5897435897435898,0.641025641025641,18.0175
946,0.5897435897435898,0.6666666666666666,16.4625
947,0.5897435897435898,0.6923076923076923,14.08
948,0.5897435897435898,0.717948717948718,14.58
949,0.5897435897435898,0.7435897435897436,12.74
950,0.5897435897435898,0.7692307692307692,13.8625
951,0.5897435897435898,0.7948717948717948,14.15
952,0.5897435897435898,0.8205128205128205,13.3825
953,0.5897435897435898,0.8461538461538461,12.345
954,0.5897435897435898,0.8717948717948718,11.36
955,0.5897435897435898,0.8974358974358974,14.2425
956,0.5897435897435898,0.923076923076923,12.8
957,0.5897435897435898,0.9487179487179487,11.485
958,0.5897435897435898,0.9743589743589743,12.48
959,0.5897435897435898,1.0,11.725
960,0.6153846153846154,0.0,35.965
961,0.6153846153846154,0.02564102564102564,36.8
962,0.6153846153846154,0.05128205128205128,34.13
963,0.6153846153846154,0.07692307692307693,36.06
964,0.6153846153846154,0.10256410256410256,32.2175
965,0.6153846153846154,0.1282051282051282,34.3725
966,0.6153846153846154,0.15384615384615385,34.1525
967,0.6153846153846154,0.1794871794871795,30.05
968,0.6153846153846154,0.20512820512820512,30.875
969,0.6153846153846154,0.23076923076923075,29.18
970,0.6153846153846154,0.2564102564102564,27.2825
971,0.6153846153846154,0.28205128205128205,27.2075
972,0.6153846153846154,0.3076923076923077,25.565
973,0.6153846153846154,0.3333333333333333,22.1825
974,0.6153846153846154,0.358974358974359,22.33
975,0.6153846153846154,0.3846153846153846,25.215
976,0.6153846153846154,0.41025641025641024,21.005
977,0.6153846153846154,0.4358974358974359,23.205
978,0.6153846153846154,0.4615384615384615,19.74
979,0.6153846153846154,0.48717948717948717,18.2075
980,0.6153846153846154,0.5128205128205128,19.8475
981,0.6153846153846154,0.5384615384615384,18.1475
982,0.6153846153846154,0.5641025641025641,18.24
983,0.6153846153846154,0.5897435897435898,16.9725
984,0.6153846153846154,0.6153846153846154,16.06
985,0.6153846153846154,0.641025641025641,15.9775
986,0.6153846153846154,0.6666666666666666,16.145
987,0.6153846153846154,0.6923076923076923,14.775
988,0.6153846153846154,0.717948717948718,15.2725
989,0.6153846153846154,0.7435897435897436,14.3825
990,0.6153846153846154,0.7692307692307692,13.195
991,0.6153846153846154,0.7948717948717948,13.3225
992,0.6153846153846154,0.8205128205128205,12.9725
993,0.6153846153846154,0.8461538461538461,14.445
994,0.6153846153846154,0.8717948717948718,11.695
995,0.6153846153846154,0.8974358974358974,13.38
996,0.6153846153846154,0.923076923076923,12.74
997,0.6153846153846154,0.9487179487179487,11.7125
998,0.6153846153846154,0.9743589743589743,12.7775
999,0.6153846153846154,1.0,11.515
1000,0.641025641025641,0.0,34.5475
1001,0.641025641025641,0.02564102564102564,31.81
1002,0.641025641025641,0.05128205128205128,34.1225
1003,0.641025641025641,0.07692307692307693,30.775
1004,0.641025641025641,0.10256410256410256,31.825
1005,0.641025641025641,0.1282051282051282,28.21
1006,0.641025641025641,0.15384615384615385,29.22
1007,0.641025641025641,0.1794871794871795,32.8575
1008,0.641025641025641,0.20512820512820512,27.165
1009,0.641025641025641,0.23076923076923075,26.0525
1010,0.641025641025641,0.2564102564102564,27.8175
1011,0.641025641025641,0.28205128205128205,23.445
1012,0.641025641025641,0.3076923076923077,25.885
1013,0.641025641025641,0.3333333333333333,24.8475
1014,0.641025641025641,0.358974358974359,19.3175
1015,0.641025641025641,0.3846153846153846,20.5325
1016,0.641025641025641,0.41025641025641024,19.385
1017,0.641025641025641,0.4358974358974359,21.1375
1018,0.641025641025641,0.4615384615384615,19.39
1019,0.641025641025641,0.48717948717948717,19.71
1020,0.641025641025641,0.5128205128205128,17.2875
1021,0.641025641025641,0.5384615384615384,18.04
1022,0.641025641025641,0.5641025641025641,15.8725
1023,0.641025641025641,0.5897435897435898,15.255
1024,0.641025641025641,0.6153846153846154,14.6475
1025,0.641025641025641,0.641025641025641,15.7175
1026,0.641025641025641,0.6666666666666666,14.4475
1027,0.641025641025641,0.6923076923076923,15.0025
1028,0.641025641025641,0.717948717948718,13.0275
1029,0.641025641025641,0.7435897435897436,13.755
1030,0.641025641025641,0.7692307692307692,13.6325
1031,0.641025641025641,0.7948717948717948,14.2525
1032,0.641025641025641,0.8205128205128205,11.845
1033,0.641025641025641,0.8461538461538461,10.79
1034,0.641025641025641,0.8717948717948718,13.47
1035,0.641025641025641,0.8974358974358974,12.64
1036,0.641025641025641,0.923076923076923,11.2125
1037,0.641025641025641,0.9487179487179487,13.06
1038,0.641025641025641,0.9743589743589743,12.0325
1039,0.641025641025641,1.0,11.2475
1040,0.6666666666666666,0.0,31.1675
1041,0.6666666666666666,0.02564102564102564,29.355
1042,0.6666666666666666,0.05128205128205128,30.4925
1043,0.6666666666666666,0.07692307692307693,31.37
1044,0.6666666666666666,0.10256410256410256,32.6
1045,0.6666666666666666,0.1282051282051282,25.0325
1046,0.6666666666666666,0.15384615384615385,28.2825
1047,0.6666666666666666,0.1794871794871795,28.9075
1048,0.6666666666666666,0.20512820512820512,25.84
1049,0.6666666666666666,0.23076923076923075,25.995
1050,0.6666666666666666,0.2564102564102564,24.7
1051,0.6666666666666666,0.28205128205128205,24.39
1052,0.6666666666666666,0.3076923076923077,24.9775
1053,0.6666666666666666,0.3333333333333333,21.875
1054,0.6666666666666666,0.358974358974359,22.84
1055,0.6666666666666666,0.3846153846153846,21.2925
1056,0.6666666666666666,0.41025641025641024,19.1275
1057,0.6666666666666666,0.4358974358974359,21.5175
1058,0.6666666666666666,0.4615384615384615,17.825
1059,0.6666666666666666,0.48717948717948717,17.3075
1060,0.6666666666666666,0.5128205128205128,19.0025
1061,0.6666666666666666,0.5384615384615384,18.4125
1062,0.6666666666666666,0.5641025641025641,15.76
1063,0.6666666666666666,0.5897435897435898,15.8825
1064,0.6666666666666666,0.6153846153846154,14.61
1065,0.6666666666666666,0.641025641025641,13.165
1066,0.6666666666666666,0.6666666666666666,14.6975
1067,0.6666666666666666,0.6923076923076923,14.765
1068,0.6666666666666666,0.717948717948718,15.0425
1069,0.6666666666666666,0.7435897435897436,14.9525
1070,0.6666666666666666,0.7692307692307692,15.11
1071,0.6666666666666666,0.7948717948717948,14.6375
1072,0.6666666666666666,0.8205128205128205,14.425
1073,0.6666666666666666,0.8461538461538461,13.06
1074,0.6666666666666666,0.8717948717948718,11.575
1075,0.6666666666666666,0.8974358974358974,13.115
1076,0.6666666666666666,0.923076923076923,12.545
1077,0.6666666666666666,0.9487179487179487,11.66
1078,0.6666666666666666,0.9743589743589743,10.6025
1079,0.6666666666666666,1.0,10.7475
1080,0.6923076923076923,0.0,31.425
1081,0.6923076923076923,0.02564102564102564,28.7125
1082,0.6923076923076923,0.05128205128205128,29.3875
1083,0.6923076923076923,0.07692307692307693,30.515
1084,0.6923076923076923,0.10256410256410256,32.1925
1085,0.6923076923076923,0.1282051282051282,34.3925
1086,0.6923076923076923,0.15384615384615385,25.16
1087,0.6923076923076923,0.1794871794871795,28.725
1088,0.6923076923076923,0.20512820512820512,29.28
1089,0.6923076923076923,0.23076923076923075,26.825
1090,0.6923076923076923,0.2564102564102564,25.7875
1091,0.6923076923076923,0.28205128205128205,23.0225
1092,0.6923076923076923,0.3076923076923077,22.5225
1093,0.6923076923076923,0.3333333333333333,23.9175
1094,0.6923076923076923,0.358974358974359,23.2325
1095,0.6923076923076923,0.3846153846153846,21.5925
1096,0.6923076923076923,0.41025641025641024,20.8225
1097,0.6923076923076923,0.4358974358974359,19.5175
1098,0.6923076923076923,0.4615384615384615,18.8325
1099,0.6923076923076923,0.48717948717948717,18.3775
1100,0.6923076923076923,0.5128205128205128,16.3825
1101,0.6923076923076923,0.5384615384615384,15.9275
1102,0.6923076923076923,0.5641025641025641,16.7125
1103,0.6923076923076923,0.5897435897435898,15.715
1104,0.6923076923076923,0.6153846153846154,15.3475
1105,0.6923076923076923,0.641025641025641,14.66
1106,0.6923076923076923,0.6666666666666666,13.84
1107,0.6923076923076923,0.6923076923076923,13.9025
1108,0.6923076923076923,0.717948717948718,14.575
1109,0.6923076923076923,0.7435897435897436,12.765
1110,0.6923076923076923,0.7692307692307692,12.78
1111,0.6923076923076923,0.7948717948717948,13.285
1112,0.6923076923076923,0.8205128205128205,11.2725
1113,0.6923076923076923,0.8461538461538461,10.75
1114,0.6923076923076923,0.8717948717948718,12.845
1115,0.6923076923076923,0.8974358974358974,12.1975
1116,0.6923076923076923,0.923076923076923,12.8475
1117,0.6923076923076923,0.9487179487179487,12.6125
1118,0.6923076923076923,0.9743589743589743,11.295
1119,0.6923076923076923,1.0,11.2525
1120,0.717948717948718,0.0,28.3675
1121,0.717948717948718,0.02564102564102564,27.365
1122,0.717948717948718,0.05128205128205128,31.315
1123,0.717948717948718,0.07692307692307693,28.18
1124,0.717948717948718,0.10256410256410256,30.7825
1125,0.717948717948718,0.1282051282051282,26.235
1126,0.717948717948718,0.15384615384615385,29.295
1127,0.717948717948718,0.1794871794871795,27.03
1128,0.717948717948718,0.20512820512820512,27.95
1129,0.717948717948718,0.23076923076923075,24.7575
1130,0.717948717948718,0.2564102564102564,22.4925
1131,0.717948717948718,0.28205128205128205,24.065
1132,0.717948717948718,0.3076923076923077,23.3375
1133,0.717948717948718,0.3333333333333333,24.4125
1134,0.717948717948718,0.358974358974359,20.0875
1135,0.717948717948718,0.3846153846153846,21.13
1136,0.717948717948718,0.41025641025641024,18.74
1137,0.717948717948718,0.4358974358974359,19.4375
1138,0.717948717948718,0.4615384615384615,19.5475
1139,0.717948717948718,0.48717948717948717,19.2375
1140,0.717948717948718,0.5128205128205128,18.5925
1141,0.717948717948718,0.5384615384615384,16.6325
1142,0.717948717948718,0.5641025641025641,16.89
1143,0.717948717948718,0.5897435897435898,16.3975
1144,0.717948717948718,0.6153846153846154,15.03
1145,0.717948717948718,0.641025641025641,16.85
1146,0.717948717948718,0.6666666666666666,13.595
1147,0.717948717948718,0.6923076923076923,13.3325
1148,0.717948717948718,0.717948717948718,12.855
1149,0.717948717948718,0.7435897435897436,13.2275
1150,0.717948717948718,0.7692307692307692,13.3175
1151,0.717948717948718,0.7948717948717948,13.5125
1152,0.717948717948718,0.8205128205128205,12.21
1153,0.717948717948718,0.8461538461538461,12.5525
1154,0.717948717948718,0.8717948717948718,11.9825
1155,0.717948717948718,0.8974358974358974,11.6025
1156,0.717948717948718,0.923076923076923,11.8975
1157,0.717948717948718,0.9487179487179487,12.395
1158,0.717948717948718,0.9743589743589743,11.75
1159,0.717948717948718,1.0,10.0875
1160,0.7435897435897436,0.0,25.8025
1161,0.7435897435897436,0.02564102564102564,28.58
1162,0.7435897435897436,0.05128205128205128,26.935
1163,0.7435897435897436,0.07692307692307693,24.905
1164,0.7435897435897436,0.10256410256410256,27.125
1165,0.7435897435897436,0.1282051282051282,29.5825
1166,0.7435897435897436,0.15384615384615385,24.8225
1167,0.7435897435897436,0.1794871794871795,27.8775
1168,0.7435897435897436,0.20512820512820512,26.3725
1169,0.7435897435897436,0.23076923076923075,26.51
1170,0.7435897435897436,0.2564102564102564,23.6075
1171,0.7435897435897436,0.28205128205128205,21.68
1172,0.7435897435897436,0.3076923076923077,23.9525
1173,0.7435897435897436,0.3333333333333333,23.3025
1174,0.7435897435897436,0.358974358974359,21.2975
1175,0.7435897435897436,0.3846153846153846,19.825
1176,0.7435897435897436,0.41025641025641024,17.305
1177,0.7435897435897436,0.4358974358974359,19.195
1178,0.7435897435897436,0.4615384615384615,16.1575
1179,0.7435897435897436,0.48717948717948717,17.2375
1180,0.7435897435897436,0.5128205128205128,15.9575
1181,0.7435897435897436,0.5384615384615384,16.85
1182,0.7435897435897436,0.5641025641025641,15.4175
1183,0.7435897435897436,0.5897435897435898,13.7575
1184,0.7435897435897436,0.6153846153846154,16.185
1185,0.7435897435897436,0.641025641025641,15.6475
1186,0.7435897435897436,0.6666666666666666,15.475
1187,0.7435897435897436,0.6923076923076923,13.9675
1188,0.7435897435897436,0.717948717948718,14.5525
1189,0.7435897435897436,0.7435897435897436,13.315
1190,0.7435897435897436,0.7692307692307692,14.2275
1191,0.7435897435897436,0.7948717948717948,12.4125
1192,0.7435897435897436,0.8205128205128205,11.2925
1193,0.7435897435897436,0.8461538461538461,12.1625
1194,0.7435897435897436,0.8717948717948718,13.98
1195,0.7435897435897436,0.8974358974358974,12.915
1196,0.7435897435897436,0.923076923076923,11.325
1197,0.7435897435897436,0.9487179487179487,12.1675
1198,0.7435897435897436,0.9743589743589743,11.3075
1199,0.7435897435897436,1.0,12.6575
1200,0.7692307692307692,0.0,26.5825
1201,0.7692307692307692,0.02564102564102564,26.74
1202,0.7692307692307692,0.05128205128205128,25.025
1203,0.7692307692307692,0.07692307692307693,27.3275
1204,0.7692307692307692,0.10256410256410256,25.915
1205,0.7692307692307692,0.1282051282051282,26.435
1206,0.7692307692307692,0.15384615384615385,23.7425
1207,0.7692307692307692,0.1794871794871795,25.415
1208,0.7692307692307692,0.20512820512820512,21.665
1209,0.7692307692307692,0.23076923076923075,24.0825
1210,0.7692307692307692,0.2564102564102564,22.83
1211,0.7692307692307692,0.28205128205128205,19.9475
1212,0.7692307692307692,0.3076923076923077,21.5625
1213,0.7692307692307692,0.3333333333333333,21.2075
1214,0.7692307692307692,0.358974358974359,19.155
1215,0.7692307692307692,0.3846153846153846,19.3575
1216,0.7692307692307692,0.41025641025641024,16.4575
1217,0.7692307692307692,0.4358974358974359,18.6275
1218,0.7692307692307692,0.4615384615384615,19.83
1219,0.7692307692307692,0.48717948717948717,15.7875
1220,0.7692307692307692,0.5128205128205128,15.1925
1221,0.7692307692307692,0.5384615384615384,18.23
1222,0.7692307692307692,0.5641025641025641,14.6
1223,0.7692307692307692,0.5897435897435898,16.1925
1224,0.7692307692307692,0.6153846153846154,13.8075
1225,0.7692307692307692,0.641025641025641,13.865
1226,0.7692307692307692,0.6666666666666666,12.6375
1227,0.7692307692307692,0.6923076923076923,14.8175
1228,0.7692307692307692,0.717948717948718,13.0925
1229,0.7692307692307692,0.7435897435897436,13.0
1230,0.7692307692307692,0.7692307692307692,14.575
1231,0.7692307692307692,0.7948717948717948,13.025
1232,0.7692307692307692,0.8205128205128205,13.17
1233,0.7692307692307692,0.8461538461538461,12.68
1234,0.7692307692307692,0.8717948717948718,11.7475
1235,0.7692307692307692,0.8974358974358974,12.1
1236,0.7692307692307692,0.923076923076923,11.8925
1237,0.7692307692307692,0.9487179487179487,10.5625
1238,0.7692307692307692,0.9743589743589743,11.3975
1239,0.7692307692307692,1.0,11.905
1240,0.7948717948717948,0.0,25.0125
1241,0.7948717948717948,0.02564102564102564,23.36
1242,0.7948717948717948,0.05128205128205128,27.3325
1243,0.7948717948717948,0.07692307692307693,28.01
1244,0.7948717948717948,0.10256410256410256,27.47
1245,0.7948717948717948,0.1282051282051282,24.4475
1246,0.7948717948717948,0.15384615384615385,22.54
1247,0.7948717948717948,0.1794871794871795,20.8875
1248,0.7948717948717948,0.20512820512820512,21.2175
1249,0.7948717948717948,0.23076923076923075,23.49
1250,0.7948717948717948,0.2564102564102564,22.105
1251,0.7948717948717948,0.28205128205128205,21.3725
1252,0.7948717948717948,0.3076923076923077,22.5275
1253,0.7948717948717948,0.3333333333333333,19.76
1254,0.7948717948717948,0.358974358974359,19.195
1255,0.7948717948717948,0.3846153846153846,17.59
1256,0.7948717948717948,0.41025641025641024,19.8575
1257,0.7948717948717948,0.4358974358974359,18.3975
1258,0.7948717948717948,0.4615384615384615,16.225
1259,0.7948717948717948,0.48717948717948717,17.6075
1260,0.7948717948717948,0.5128205128205128,18.325
1261,0.7948717948717948,0.5384615384615384,16.44
1262,0.7948717948717948,0.5641025641025641,15.66
1263,0.7948717948717948,0.5897435897435898,14.9775
1264,0.7948717948717948,0.6153846153846154,13.6775
1265,0.7948717948717948,0.641025641025641,14.4525
1266,0.7948717948717948,0.6666666666666666,12.255
1267,0.7948717948717948,0.6923076923076923,13.2375
1268,0.7948717948717948,0.717948717948718,12.2275
1269,0.7948717948717948,0.7435897435897436,16.515
1270,0.7948717948717948,0.7692307692307692,12.525
1271,0.7948717948717948,0.7948717948717948,11.6925
1272,0.7948717948717948,0.8205128205128205,13.72
1273,0.7948717948717948,0.8461538461538461,11.8275
1274,0.7948717948717948,0.8717948717948718,12.09
1275,0.7948717948717948,0.8974358974358974,12.115
1276,0.7948717948717948,0.923076923076923,12.47
1277,0.7948717948717948,0.9487179487179487,10.2175
1278,0.7948717948717948,0.9743589743589743,11.7075
1279,0.7948717948717948,1.0,11.445
1280,0.8205128205128205,0.0,26.3425
1281,0.8205128205128205,0.02564102564102564,24.3625
1282,0.8205128205128205,0.05128205128205128,25.765
1283,0.8205128205128205,0.07692307692307693,27.205
1284,0.8205128205128205,0.10256410256410256,22.1525
1285,0.8205128205128205,0.1282051282051282,21.3475
1286,0.8205128205128205,0.15384615384615385,23.035
1287,0.8205128205128205,0.1794871794871795,23.0325
1288,0.8205128205128205,0.20512820512820512,22.6175
1289,0.8205128205128205,0.23076923076923075,23.1675
1290,0.8205128205128205,0.2564102564102564,18.6925
1291,0.8205128205128205,0.28205128205128205,18.5525
1292,0.8205128205128205,0.3076923076923077,20.8325
1293,0.8205128205128205,0.3333333333333333,19.115
1294,0.8205128205128205,0.358974358974359,18.4925
1295,0.8205128205128205,0.3846153846153846,17.63
1296,0.8205128205128205,0.41025641025641024,20.4825
1297,0.8205128205128205,0.4358974358974359,15.75
1298,0.8205128205128205,0.4615384615384615,16.95
1299,0.8205128205128205,0.48717948717948717,15.4525
1300,0.8205128205128205,0.5128205128205128,17.0175
1301,0.8205128205128205,0.5384615384615384,16.74
1302,0.8205128205128205,0.5641025641025641,15.18
1303,0.8205128205128205,0.5897435897435898,14.985
1304,0.8205128205128205,0.6153846153846154,13.2775
1305,0.8205128205128205,0.641025641025641,15.685
1306,0.8205128205128205,0.6666666666666666,15.0725
1307,0.8205128205128205,0.6923076923076923,13.9075
1308,0.8205128205128205,0.717948717948718,14.365
1309,0.8205128205128205,0.7435897435897436,11.395
1310,0.8205128205128205,0.7692307692307692,13.475
1311,0.8205128205128205,0.7948717948717948,12.3075
1312,0.8205128205128205,0.8205128205128205,11.865
1313,0.8205128205128205,0.8461538461538461,13.4575
1314,0.8205128205128205,0.8717948717948718,12.7675
1315,0.8205128205128205,0.8974358974358974,13.095
1316,0.8205128205128205,0.923076923076923,11.2275
1317,0.8205128205128205,0.9487179487179487,11.11
1318,0.8205128205128205,0.9743589743589743,11.5225
1319,0.8205128205128205,1.0,10.33
1320,0.8461538461538461,0.0,22.8475
1321,0.8461538461538461,0.02564102564102564,24.4775
1322,0.8461538461538461,0.05128205128205128,23.1475
1323,0.8461538461538461,0.07692307692307693,24.42
1324,0.8461538461538461,0.10256410256410256,22.6375
1325,0.8461538461538461,0.1282051282051282,19.9425
1326,0.8461538461538461,0.15384615384615385,21.8
1327,0.8461538461538461,0.1794871794871795,21.605
1328,0.8461538461538461,0.20512820512820512,21.1925
1329,0.8461538461538461,0.23076923076923075,21.2525
1330,0.8461538461538461,0.2564102564102564,20.4375
1331,0.8461538461538461,0.28205128205128205,19.105
1332,0.8461538461538461,0.3076923076923077,21.6525
1333,0.8461538461538461,0.3333333333333333,19.535
1334,0.8461538461538461,0.358974358974359,18.4825
1335,0.8461538461538461,0.3846153846153846,19.1425
1336,0.8461538461538461,0.41025641025641024,17.795
1337,0.8461538461538461,0.4358974358974359,17.665
1338,0.8461538461538461,0.4615384615384615,16.0725
1339,0.8461538461538461,0.48717948717948717,16.9925
1340,0.8461538461538461,0.5128205128205128,17.79
1341,0.8461538461538461,0.5384615384615384,15.28
1342,0.8461538461538461,0.5641025641025641,15.9575
1343,0.8461538461538461,0.5897435897435898,15.955
1344,0.8461538461538461,0.6153846153846154,16.1075
1345,0.8461538461538461,0.641025641025641,11.4225
1346,0.8461538461538461,0.6666666666666666,13.5725
1347,0.8461538461538461,0.6923076923076923,14.3775
1348,0.8461538461538461,0.717948717948718,11.4275
1349,0.8461538461538461,0.7435897435897436,13.7175
1350,0.8461538461538461,0.7692307692307692,12.7325
1351,0.8461538461538461,0.7948717948717948,12.7575
1352,0.8461538461538461,0.8205128205128205,14.0475
1353,0.8461538461538461,0.8461538461538461,13.8175
1354,0.8461538461538461,0.8717948717948718,11.6175
1355,0.8461538461538461,0.8974358974358974,12.79
1356,0.8461538461538461,0.923076923076923,12.3525
1357,0.8461538461538461,0.9487179487179487,11.89
1358,0.8461538461538461,0.9743589743589743,12.0975
1359,0.8461538461538461,1.0,12.1375
1360,0.8717948717948718,0.0,19.9975
1361,0.8717948717948718,0.02564102564102564,23.2
1362,0.8717948717948718,0.05128205128205128,23.06
1363,0.8717948717948718,0.07692307692307693,23.72
1364,0.8717948717948718,0.10256410256410256,23.085
1365,0.8717948717948718,0.1282051282051282,22.6275
1366,0.8717948717948718,0.15384615384615385,22.3
1367,0.8717948717948718,0.1794871794871795,23.12
1368,0.8717948717948718,0.20512820512820512,21.32
1369,0.8717948717948718,0.23076923076923075,20.1125
1370,0.8717948717948718,0.2564102564102564,20.605
1371,0.8717948717948718,0.28205128205128205,19.6925
1372,0.8717948717948718,0.3076923076923077,18.85
1373,0.8717948717948718,0.3333333333333333,19.7425
1374,0.8717948717948718,0.358974358974359,16.6325
1375,0.8717948717948718,0.3846153846153846,18.455
1376,0.8717948717948718,0.41025641025641024,15.3775
1377,0.8717948717948718,0.4358974358974359,15.16
1378,0.8717948717948718,0.4615384615384615,17.3275
1379,0.8717948717948718,0.48717948717948717,13.865
1380,0.8717948717948718,0.5128205128205128,16.075
1381,0.8717948717948718,0.5384615384615384,17.285
1382,0.8717948717948718,0.5641025641025641,14.6475
1383,0.8717948717948718,0.5897435897435898,14.405
1384,0.8717948717948718,0.6153846153846154,13.6375
1385,0.8717948717948718,0.641025641025641,14.73
1386,0.8717948717948718,0.6666666666666666,13.595
1387,0.8717948717948718,0.6923076923076923,13.4675
1388,0.8717948717948718,0.717948717948718,11.8075
1389,0.8717948717948718,0.7435897435897436,13.52
1390,0.8717948717948718,0.7692307692307692,12.95
1391,0.8717948717948718,0.7948717948717948,12.29
1392,0.8717948717948718,0.8205128205128205,12.865
1393,0.8717948717948718,0.8461538461538461,12.96
1394,0.8717948717948718,0.8717948717948718,13.235
1395,0.8717948717948718,0.8974358974358974,12.265
1396,0.8717948717948718,0.923076923076923,13.985
1397,0.8717948717948718,0.9487179487179487,11.115
1398,0.8717948717948718,0.9743589743589743,12.3075
1399,0.8717948717948718,1.0,12.0725
1400,0.8974358974358974,0.0,22.5325
1401,0.8974358974358974,0.02564102564102564,21.655
1402,0.8974358974358974,0.05128205128205128,19.9925
1403,0.8974358974358974,0.07692307692307693,21.2875
1404,0.8974358974358974,0.10256410256410256,22.77
1405,0.8974358974358974,0.1282051282051282,24.5925
1406,0.8974358974358974,0.15384615384615385,22.5575
1407,0.8974358974358974,0.1794871794871795,21.1725
1408,0.8974358974358974,0.20512820512820512,22.155
1409,0.8974358974358974,0.23076923076923075,19.55
1410,0.8974358974358974,0.2564102564102564,21.185
1411,0.8974358974358974,0.28205128205128205,17.495
1412,0.8974358974358974,0.3076923076923077,18.735
1413,0.8974358974358974,0.3333333333333333,16.7175
1414,0.8974358974358974,0.358974358974359,19.125
1415,0.8974358974358974,0.3846153846153846,19.7025
1416,0.8974358974358974,0.41025641025641024,17.5775
1417,0.8974358974358974,0.4358974358974359,16.9625
1418,0.8974358974358974,0.4615384615384615,17.89
1419,0.8974358974358974,0.48717948717948717,14.0975
1420,0.8974358974358974,0.5128205128205128,14.05
1421,0.8974358974358974,0.5384615384615384,14.5275
1422,0.8974358974358974,0.5641025641025641,16.285
1423,0.8974358974358974,0.5897435897435898,14.3225
1424,0.8974358974358974,0.6153846153846154,13.6225
1425,0.8974358974358974,0.641025641025641,15.1625
1426,0.8974358974358974,0.6666666666666666,15.8425
1427,0.8974358974358974,0.6923076923076923,13.135
1428,0.8974358974358974,0.717948717948718,13.005
1429,0.8974358974358974,0.7435897435897436,13.605
1430,0.8974358974358974,0.7692307692307692,12.2725
1431,0.8974358974358974,0.7948717948717948,12.1825
1432,0.8974358974358974,0.8205128205128205,12.89
1433,0.8974358974358974,0.8461538461538461,12.305
1434,0.8974358974358974,0.8717948717948718,11.575
1435,0.8974358974358974,0.8974358974358974,11.1625
1436,0.8974358974358974,0.923076923076923,11.5375
1437,0.8974358974358974,0.9487179487179487,13.185
1438,0.8974358974358974,0.9743589743589743,11.6425
1439,0.8974358974358974,1.0,11.7975
1440,0.923076923076923,0.0,20.26
1441,0.923076923076923,0.02564102564102564,21.0725
1442,0.923076923076923,0.05128205128205128,20.2275
1443,0.923076923076923,0.07692307692307693,20.0525
1444,0.923076923076923,0.10256410256410256,22.2725
1445,0.923076923076923,0.1282051282051282,22.2525
1446,0.923076923076923,0.15384615384615385,19.7075
1447,0.923076923076923,0.1794871794871795,20.4675
1448,0.923076923076923,0.20512820512820512,19.4025
1449,0.923076923076923,0.23076923076923075,19.345
1450,0.923076923076923,0.2564102564102564,21.0575
1451,0.923076923076923,0.28205128205128205,17.255
1452,0.923076923076923,0.3076923076923077,18.87
1453,0.923076923076923,0.3333333333333333,18.41
1454,0.923076923076923,0.358974358974359,16.83
1455,0.923076923076923,0.3846153846153846,16.9
1456,0.923076923076923,0.41025641025641024,16.7675
1457,0.923076923076923,0.4358974358974359,17.82
1458,0.923076923076923,0.4615384615384615,15.5925
1459,0.923076923076923,0.48717948717948717,15.2925
1460,0.923076923076923,0.5128205128205128,16.11
1461,0.923076923076923,0.5384615384615384,14.23
1462,0.923076923076923,0.5641025641025641,12.8
1463,0.923076923076923,0.5897435897435898,13.56
1464,0.923076923076923,0.6153846153846154,14.575
1465,0.923076923076923,0.641025641025641,13.435
1466,0.923076923076923,0.6666666666666666,12.7075
1467,0.923076923076923,0.6923076923076923,12.29
1468,0.923076923076923,0.717948717948718,12.715
1469,0.923076923076923,0.7435897435897436,11.67
1470,0.923076923076923,0.7692307692307692,12.3525
1471,0.923076923076923,0.7948717948717948,13.5675
1472,0.923076923076923,0.8205128205128205,13.165
1473,0.923076923076923,0.8461538461538461,12.715
1474,0.923076923076923,0.8717948717948718,14.285
1475,0.923076923076923,0.8974358974358974,11.7825
1476,0.923076923076923,0.923076923076923,11.615
1477,0.923076923076923,0.9487179487179487,11.015
1478,0.923076923076923,0.9743589743589743,10.0025
1479,0.923076923076923,1.0,10.91
1480,0.9487179487179487,0.0,22.5375
1481,0.9487179487179487,0.02564102564102564,20.675
1482,0.9487179487179487,0.05128205128205128,20.02
1483,0.9487179487179487,0.07692307692307693,19.795
1484,0.9487179487179487,0.10256410256410256,22.1325
1485,0.9487179487179487,0.1282051282051282,21.8775
1486,0.9487179487179487,0.15384615384615385,19.1625
1487,0.9487179487179487,0.1794871794871795,18.44
1488,0.9487179487179487,0.20512820512820512,18.86
1489,0.9487179487179487,0.23076923076923075,19.385
1490,0.9487179487179487,0.2564102564102564,20.6325
1491,0.9487179487179487,0.28205128205128205,18.93
1492,0.9487179487179487,0.3076923076923077,18.29
1493,0.9487179487179487,0.3333333333333333,18.355
1494,0.9487179487179487,0.358974358974359,17.1
1495,0.9487179487179487,0.3846153846153846,17.4875
1496,0.9487179487179487,0.41025641025641024,16.0175
1497,0.9487179487179487,0.4358974358974359,17.415
1498,0.9487179487179487,0.4615384615384615,14.6875
1499,0.9487179487179487,0.48717948717948717,14.5675
1500,0.9487179487179487,0.5128205128205128,15.0
1501,0.9487179487179487,0.5384615384615384,15.3275
1502,0.9487179487179487,0.5641025641025641,13.43
1503,0.9487179487179487,0.5897435897435898,14.545
1504,0.9487179487179487,0.6153846153846154,15.535
1505,0.9487179487179487,0.641025641025641,14.3325
1506,0.9487179487179487,0.6666666666666666,13.42
1507,0.9487179487179487,0.6923076923076923,12.775
1508,0.9487179487179487,0.717948717948718,13.4125
1509,0.9487179487179487,0.7435897435897436,13.5325
1510,0.9487179487179487,0.7692307692307692,12.5625
1511,0.9487179487179487,0.7948717948717948,14.255
1512,0.9487179487179487,0.8205128205128205,12.045
1513,0.9487179487179487,0.8461538461538461,12.8025
1514,0.9487179487179487,0.8717948717948718,12.2975
1515,0.9487179487179487,0.8974358974358974,10.3075
1516,0.9487179487179487,0.923076923076923,11.055
1517,0.9487179487179487,0.9487179487179487,12.1325
1518,0.9487179487179487,0.9743589743589743,11.3525
1519,0.9487179487179487,1.0,11.3575
1520,0.9743589743589743,0.0,22.92
1521,0.9743589743589743,0.02564102564102564,22.745
1522,0.9743589743589743,0.05128205128205128,21.4225
1523,0.9743589743589743,0.07692307692307693,21.1875
1524,0.9743589743589743,0.10256410256410256,21.4425
1525,0.9743589743589743,0.1282051282051282,20.87
1526,0.9743589743589743,0.15384615384615385,21.965
1527,0.9743589743589743,0.1794871794871795,18.4825
1528,0.9743589743589743,0.20512820512820512,18.3
1529,0.9743589743589743,0.23076923076923075,21.5275
1530,0.9743589743589743,0.2564102564102564,18.73
1531,0.9743589743589743,0.28205128205128205,19.1925
1532,0.9743589743589743,0.3076923076923077,18.155
1533,0.9743589743589743,0.3333333333333333,17.79
1534,0.9743589743589743,0.358974358974359,17.73
1535,0.9743589743589743,0.3846153846153846,17.7525
1536,0.9743589743589743,0.41025641025641024,17.4
1537,0.9743589743589743,0.4358974358974359,15.4325
1538,0.9743589743589743,0.4615384615384615,15.93
1539,0.9743589743589743,0.48717948717948717,16.2025
1540,0.9743589743589743,0.5128205128205128,15.815
1541,0.9743589743589743,0.5384615384615384,15.0025
1542,0.9743589743589743,0.5641025641025641,12.695
1543,0.9743589743589743,0.5897435897435898,13.9625
1544,0.9743589743589743,0.6153846153846154,14.465
1545,0.9743589743589743,0.641025641025641,13.7025
1546,0.9743589743589743,0.6666666666666666,13.7175
1547,0.9743589743589743,0.6923076923076923,12.515
1548,0.9743589743589743,0.717948717948718,13.105
1549,0.9743589743589743,0.7435897435897436,12.94
1550,0.9743589743589743,0.7692307692307692,12.035
1551,0.9743589743589743,0.7948717948717948,13.2925
1552,0.9743589743589743,0.8205128205128205,11.925
1553,0.9743589743589743,0.8461538461538461,12.5
1554,0.9743589743589743,0.8717948717948718,12.85
1555,0.9743589743589743,0.8974358974358974,12.3575
1556,0.9743589743589743,0.923076923076923,12.04
1557,0.9743589743589743,0.9487179487179487,12.7775
1558,0.9743589743589743,0.9743589743589743,11.3375
1559,0.9743589743589743,1.0,11.0375
1560,1.0,0.0,19.89
1561,1.0,0.02564102564102564,20.1175
1562,1.0,0.05128205128205128,21.2325
1563,1.0,0.07692307692307693,19.9225
1564,1.0,0.10256410256410256,21.185
1565,1.0,0.1282051282051282,18.13
1566,1.0,0.15384615384615385,20.82
1567,1.0,0.1794871794871795,19.765
1568,1.0,0.20512820512820512,19.19
1569,1.0,0.23076923076923075,21.2775
1570,1.0,0.2564102564102564,18.7475
1571,1.0,0.28205128205128205,20.2025
1572,1.0,0.3076923076923077,19.665
1573,1.0,0.3333333333333333,19.48
1574,1.0,0.358974358974359,16.4425
1575,1.0,0.3846153846153846,15.845
1576,1.0,0.41025641025641024,15.6025
1577,1.0,0.4358974358974359,15.6575
1578,1.0,0.4615384615384615,16.585
1579,1.0,0.48717948717948717,14.535
1580,1.0,0.5128205128205128,15.1475
1581,1.0,0.5384615384615384,13.9125
1582,1.0,0.5641025641025641,14.275
1583,1.0,0.5897435897435898,13.3075
1584,1.0,0.6153846153846154,14.125
1585,1.0,0.641025641025641,14.2075
1586,1.0,0.6666666666666666,12.6175
1587,1.0,0.6923076923076923,13.48
1588,1.0,0.717948717948718,11.77
1589,1.0,0.7435897435897436,12.2375
1590,1.0,0.7692307692307692,11.925
1591,1.0,0.7948717948717948,12.05
1592,1.0,0.8205128205128205,13.465
1593,1.0,0.8461538461538461,12.0725
1594,1.0,0.8717948717948718,12.3275
1595,1.0,0.8974358974358974,13.5875
1596,1.0,0.923076923076923,12.1925
1597,1.0,0.9487179487179487,13.4475
1598,1.0,0.9743589743589743,11.935
1599,1.0,1.0,11.955
